8.0, 8.0, 8.0, 8.0, 8.0, 8.0, 8.0, 289866, 1, 2
8.0, 8.0, 8.0, 8.0, 8.0, 9.0, 8.0, 34302, 1, 10
8.0, 8.0, 8.0, 9.0, 8.0, 8.0, 8.0, 33877, 1, 5
299.0, 8.0, 8.0, 8.0, 8.0, 8.0, 8.0, 21552, 1, 21
8.0, 8.0, 8.0, 8.0, 9.0, 8.0, 8.0, 20957, 1, 26
8.0, 8.0, 9.0, 8.0, 8.0, 8.0, 8.0, 15381, 1, 18
8.0, 8.0, 8.0, 8.0, 8.0, 8.0, 9.0, 15260, 1, 37
9.0, 8.0, 8.0, 8.0, 8.0, 8.0, 8.0, 12542, 1, 23
8.0, 8.0, 8.0, 9.0, 8.0, 9.0, 8.0, 6252, 1, 69
8.0, 8.0, 9.0, 8.0, 8.0, 9.0, 8.0, 5501, 1, 65
8.0, 8.0, 8.0, 9.0, 8.0, 8.0, 9.0, 4747, 1, 48
8.0, 8.0, 8.0, 8.0, 8.0, 8.0, 10.0, 3962, 1, 33
9.0, 8.0, 8.0, 8.0, 8.0, 9.0, 8.0, 3798, 1, 24
9.0, 8.0, 8.0, 9.0, 8.0, 8.0, 8.0, 3419, 1, 61
299.0, 299.0, 299.0, 299.0, 8.0, 8.0, 8.0, 3269, 1, 16
299.0, 299.0, 299.0, 8.0, 8.0, 8.0, 8.0, 2963, 1, 89
299.0, 8.0, 8.0, 8.0, 8.0, 9.0, 8.0, 2935, 1, 55
8.0, 9.0, 8.0, 8.0, 8.0, 8.0, 8.0, 2679, 1, 115
9.0, 8.0, 8.0, 8.0, 9.0, 8.0, 8.0, 2578, 1, 130
299.0, 299.0, 299.0, 299.0, 299.0, 8.0, 8.0, 2390, 1, 116
299.0, 299.0, 8.0, 8.0, 8.0, 8.0, 8.0, 2386, 1, 4
8.0, 8.0, 8.0, 8.0, 9.0, 9.0, 8.0, 2382, 1, 13
8.0, 8.0, 8.0, 8.0, 8.0, 9.0, 9.0, 2191, 1, 39
8.0, 8.0, 9.0, 8.0, 8.0, 8.0, 9.0, 2175, 1, 35
8.0, 299.0, 8.0, 8.0, 8.0, 8.0, 8.0, 2119, 1, 7
8.0, 8.0, 9.0, 8.0, 9.0, 8.0, 8.0, 2092, 1, 102
9.0, 8.0, 8.0, 8.0, 8.0, 8.0, 9.0, 2033, 1, 75
9.0, 8.0, 8.0, 9.0, 8.0, 8.0, 9.0, 2034, 1, 36
9.0, 8.0, 8.0, 9.0, 8.0, 9.0, 8.0, 1800, 1, 80
8.0, 8.0, 8.0, 8.0, 9.0, 8.0, 9.0, 1798, 1, 78
299.0, 8.0, 8.0, 9.0, 8.0, 8.0, 8.0, 1714, 1, 68
8.0, 8.0, 9.0, 9.0, 8.0, 8.0, 8.0, 1710, 1, 85
299.0, 8.0, 8.0, 8.0, 9.0, 8.0, 8.0, 1655, 1, 104
8.0, 8.0, 8.0, 9.0, 9.0, 8.0, 8.0, 1509, 1, 343
299.0, 8.0, 8.0, 8.0, 8.0, 8.0, 9.0, 1418, 1, 40
8.0, 8.0, 8.0, 8.0, 10.0, 8.0, 8.0, 1326, 1, 14
8.0, 8.0, 10.0, 8.0, 8.0, 8.0, 8.0, 1243, 1, 232
8.0, 8.0, 8.0, 8.0, 8.0, 10.0, 8.0, 1207, 1, 12
8.0, 8.0, 9.0, 9.0, 8.0, 9.0, 8.0, 1043, 1, 79
9.0, 8.0, 9.0, 8.0, 8.0, 8.0, 8.0, 1028, 1, 93
8.0, 8.0, 8.0, 8.0, 8.0, 9.0, 10.0, 1013, 1, 123
8.0, 8.0, 8.0, 10.0, 8.0, 8.0, 8.0, 967, 1, 299
8.0, 8.0, 8.0, 299.0, 8.0, 8.0, 8.0, 898, 1, 6
299.0, 299.0, 299.0, 299.0, 299.0, 9.0, 8.0, 867, 1, 11
8.0, 8.0, 8.0, 9.0, 8.0, 8.0, 10.0, 847, 1, 438
8.0, 9.0, 8.0, 8.0, 9.0, 8.0, 8.0, 836, 1, 182
8.0, 9.0, 8.0, 8.0, 8.0, 9.0, 8.0, 833, 1, 231
8.0, 8.0, 8.0, 9.0, 9.0, 9.0, 8.0, 812, 1, 88
8.0, 8.0, 8.0, 8.0, 9.0, 10.0, 8.0, 791, 1, 17
9.0, 8.0, 9.0, 8.0, 8.0, 9.0, 8.0, 741, 1, 335
8.0, 10.0, 8.0, 8.0, 8.0, 8.0, 8.0, 708, 1, 176
299.0, 8.0, 9.0, 8.0, 8.0, 8.0, 8.0, 658, 1, 275
8.0, 8.0, 8.0, 9.0, 9.0, 8.0, 9.0, 644, 1, 119
8.0, 9.0, 8.0, 8.0, 8.0, 8.0, 9.0, 607, 1, 278
8.0, 299.0, 8.0, 8.0, 8.0, 9.0, 8.0, 604, 1, 31
8.0, 8.0, 9.0, 8.0, 9.0, 8.0, 9.0, 589, 1, 229
299.0, 8.0, 8.0, 8.0, 8.0, 8.0, 10.0, 577, 1, 148
299.0, 299.0, 299.0, 299.0, 9.0, 8.0, 8.0, 544, 1, 22
9.0, 8.0, 8.0, 8.0, 8.0, 8.0, 10.0, 531, 1, 344
8.0, 8.0, 8.0, 9.0, 8.0, 9.0, 9.0, 503, 1, 60
299.0, 299.0, 299.0, 299.0, 299.0, 8.0, 9.0, 478, 1, 136
299.0, 8.0, 8.0, 9.0, 8.0, 9.0, 8.0, 471, 1, 100
10.0, 8.0, 8.0, 8.0, 8.0, 8.0, 8.0, 451, 1, 63
8.0, 8.0, 8.0, 8.0, 9.0, 8.0, 10.0, 434, 1, 109
9.0, 8.0, 8.0, 8.0, 9.0, 8.0, 9.0, 420, 1, 128
299.0, 8.0, 8.0, 8.0, 8.0, 9.0, 9.0, 414, 1, 42
299.0, 299.0, 299.0, 9.0, 8.0, 8.0, 8.0, 411, 1, 202
9.0, 8.0, 8.0, 8.0, 9.0, 9.0, 8.0, 408, 1, 314
299.0, 8.0, 8.0, 8.0, 8.0, 10.0, 8.0, 412, 1, 141
299.0, 8.0, 8.0, 9.0, 8.0, 8.0, 9.0, 397, 1, 324
8.0, 8.0, 8.0, 10.0, 8.0, 9.0, 8.0, 385, 1, 56
8.0, 299.0, 8.0, 8.0, 9.0, 8.0, 8.0, 365, 1, 204
9.0, 8.0, 8.0, 9.0, 8.0, 8.0, 10.0, 344, 1, 461
299.0, 299.0, 299.0, 299.0, 8.0, 9.0, 8.0, 334, 1, 197
8.0, 8.0, 8.0, 299.0, 299.0, 8.0, 8.0, 335, 1, 257
8.0, 8.0, 8.0, 9.0, 8.0, 10.0, 8.0, 327, 1, 122
8.0, 8.0, 8.0, 9.0, 8.0, 9.0, 10.0, 328, 1, 223
299.0, 299.0, 299.0, 299.0, 299.0, 8.0, 10.0, 324, 1, 163
8.0, 299.0, 8.0, 9.0, 8.0, 8.0, 8.0, 305, 1, 1
299.0, 8.0, 8.0, 8.0, 10.0, 8.0, 8.0, 299, 1, 118
299.0, 299.0, 299.0, 8.0, 8.0, 8.0, 9.0, 291, 1, 323
299.0, 299.0, 299.0, 299.0, 299.0, 299.0, 8.0, 276, 1, 8
8.0, 8.0, 9.0, 8.0, 8.0, 9.0, 9.0, 276, 1, 598
9.0, 8.0, 8.0, 8.0, 8.0, 10.0, 8.0, 265, 1, 103
8.0, 8.0, 8.0, 8.0, 10.0, 9.0, 8.0, 264, 1, 226
9.0, 8.0, 8.0, 9.0, 9.0, 8.0, 9.0, 260, 1, 58
299.0, 299.0, 299.0, 8.0, 8.0, 9.0, 8.0, 266, 1, 120
299.0, 299.0, 8.0, 8.0, 8.0, 8.0, 9.0, 255, 1, 181
9.0, 8.0, 8.0, 8.0, 8.0, 9.0, 9.0, 252, 1, 460
8.0, 8.0, 10.0, 8.0, 8.0, 9.0, 8.0, 242, 1, 90
9.0, 8.0, 8.0, 9.0, 8.0, 9.0, 9.0, 243, 1, 165
10.0, 8.0, 10.0, 10.0, 8.0, 8.0, 8.0, 245, 1, 375
299.0, 299.0, 8.0, 8.0, 8.0, 9.0, 8.0, 244, 1, 149
9.0, 8.0, 8.0, 9.0, 9.0, 9.0, 8.0, 235, 1, 135
8.0, 299.0, 299.0, 8.0, 8.0, 8.0, 8.0, 235, 1, 305
9.0, 8.0, 9.0, 8.0, 9.0, 8.0, 8.0, 229, 1, 428
8.0, 8.0, 8.0, 10.0, 8.0, 10.0, 8.0, 227, 1, 138
299.0, 299.0, 299.0, 8.0, 9.0, 8.0, 8.0, 226, 1, 27
8.0, 10.0, 8.0, 8.0, 9.0, 8.0, 8.0, 221, 1, 272
9.0, 8.0, 9.0, 8.0, 8.0, 8.0, 9.0, 223, 1, 164
299.0, 299.0, 9.0, 8.0, 8.0, 8.0, 8.0, 219, 1, 20
8.0, 8.0, 9.0, 8.0, 8.0, 8.0, 10.0, 218, 1, 187
299.0, 299.0, 299.0, 299.0, 8.0, 8.0, 9.0, 222, 1, 43
8.0, 8.0, 9.0, 9.0, 9.0, 8.0, 8.0, 214, 1, 589
8.0, 9.0, 8.0, 9.0, 8.0, 9.0, 8.0, 211, 1, 347
299.0, 8.0, 8.0, 8.0, 9.0, 8.0, 9.0, 207, 1, 175
8.0, 9.0, 8.0, 9.0, 8.0, 8.0, 8.0, 206, 1, 320
9.0, 8.0, 9.0, 8.0, 9.0, 8.0, 9.0, 207, 1, 421
8.0, 8.0, 10.0, 8.0, 8.0, 8.0, 9.0, 205, 1, 451
8.0, 299.0, 8.0, 8.0, 8.0, 8.0, 9.0, 207, 1, 45
299.0, 299.0, 8.0, 9.0, 8.0, 8.0, 8.0, 204, 1, 838
8.0, 8.0, 8.0, 8.0, 9.0, 9.0, 10.0, 198, 1, 448
8.0, 10.0, 8.0, 9.0, 8.0, 9.0, 8.0, 196, 1, 813
299.0, 299.0, 8.0, 8.0, 8.0, 8.0, 10.0, 195, 1, 595
9.0, 8.0, 10.0, 8.0, 8.0, 8.0, 8.0, 193, 1, 265
9.0, 8.0, 9.0, 8.0, 8.0, 9.0, 10.0, 192, 1, 172
9.0, 8.0, 8.0, 8.0, 10.0, 8.0, 8.0, 192, 1, 241
299.0, 299.0, 299.0, 9.0, 8.0, 9.0, 8.0, 196, 1, 199
8.0, 8.0, 10.0, 8.0, 8.0, 8.0, 10.0, 187, 1, 444
10.0, 8.0, 10.0, 8.0, 8.0, 8.0, 8.0, 184, 1, 212
299.0, 299.0, 299.0, 299.0, 9.0, 9.0, 8.0, 188, 1, 9
9.0, 299.0, 8.0, 9.0, 8.0, 9.0, 8.0, 180, 1, 83
8.0, 8.0, 9.0, 9.0, 8.0, 10.0, 8.0, 177, 1, 142
8.0, 8.0, 9.0, 8.0, 8.0, 9.0, 10.0, 173, 1, 665
8.0, 9.0, 8.0, 8.0, 9.0, 9.0, 8.0, 172, 1, 844
8.0, 9.0, 9.0, 8.0, 8.0, 9.0, 8.0, 166, 1, 254
9.0, 9.0, 8.0, 8.0, 8.0, 8.0, 8.0, 164, 1, 445
10.0, 8.0, 8.0, 8.0, 8.0, 8.0, 10.0, 164, 1, 290
299.0, 8.0, 9.0, 8.0, 8.0, 8.0, 9.0, 161, 1, 690
299.0, 8.0, 8.0, 9.0, 8.0, 8.0, 10.0, 160, 1, 147
9.0, 8.0, 9.0, 8.0, 10.0, 8.0, 8.0, 159, 1, 306
9.0, 8.0, 9.0, 9.0, 8.0, 8.0, 9.0, 159, 1, 336
299.0, 8.0, 8.0, 8.0, 9.0, 9.0, 8.0, 157, 1, 111
299.0, 8.0, 8.0, 9.0, 8.0, 9.0, 10.0, 157, 1, 590
10.0, 10.0, 10.0, 299.0, 9.0, 9.0, 10.0, 156, 1, 504
8.0, 9.0, 8.0, 9.0, 8.0, 8.0, 9.0, 149, 1, 357
8.0, 9.0, 8.0, 8.0, 9.0, 8.0, 9.0, 149, 1, 810
299.0, 8.0, 8.0, 9.0, 8.0, 10.0, 8.0, 145, 1, 143
8.0, 8.0, 9.0, 9.0, 8.0, 8.0, 9.0, 145, 1, 389
299.0, 299.0, 299.0, 299.0, 9.0, 8.0, 9.0, 152, 1, 54
10.0, 10.0, 10.0, 10.0, 8.0, 9.0, 10.0, 146, 1, 474
8.0, 10.0, 8.0, 8.0, 8.0, 8.0, 10.0, 141, 1, 537
8.0, 8.0, 10.0, 8.0, 10.0, 8.0, 8.0, 140, 1, 74
9.0, 8.0, 8.0, 8.0, 8.0, 9.0, 10.0, 140, 1, 455
8.0, 9.0, 9.0, 8.0, 8.0, 8.0, 8.0, 139, 1, 407
299.0, 8.0, 8.0, 8.0, 9.0, 8.0, 10.0, 137, 1, 126
9.0, 8.0, 9.0, 9.0, 8.0, 8.0, 8.0, 137, 1, 246
10.0, 8.0, 10.0, 8.0, 8.0, 10.0, 8.0, 135, 1, 300
8.0, 8.0, 8.0, 10.0, 8.0, 8.0, 9.0, 135, 1, 399
9.0, 8.0, 9.0, 9.0, 8.0, 10.0, 8.0, 134, 1, 805
8.0, 8.0, 10.0, 8.0, 9.0, 8.0, 8.0, 133, 1, 240
9.0, 8.0, 8.0, 8.0, 9.0, 8.0, 10.0, 133, 1, 391
8.0, 8.0, 9.0, 9.0, 9.0, 9.0, 9.0, 136, 1, 767
10.0, 8.0, 8.0, 10.0, 8.0, 8.0, 8.0, 136, 1, 193
8.0, 8.0, 10.0, 8.0, 8.0, 10.0, 8.0, 126, 1, 237
8.0, 10.0, 8.0, 10.0, 8.0, 8.0, 8.0, 127, 1, 289
10.0, 10.0, 8.0, 8.0, 9.0, 8.0, 10.0, 127, 1, 480
9.0, 8.0, 9.0, 9.0, 8.0, 9.0, 8.0, 125, 1, 189
8.0, 8.0, 8.0, 9.0, 9.0, 9.0, 9.0, 125, 1, 617
8.0, 8.0, 9.0, 8.0, 9.0, 9.0, 8.0, 127, 1, 101
9.0, 299.0, 8.0, 8.0, 8.0, 8.0, 8.0, 123, 1, 105
8.0, 299.0, 9.0, 8.0, 8.0, 8.0, 8.0, 129, 1, 270
299.0, 299.0, 8.0, 8.0, 9.0, 8.0, 8.0, 123, 1, 337
8.0, 8.0, 8.0, 8.0, 299.0, 299.0, 8.0, 129, 1, 129
9.0, 8.0, 8.0, 10.0, 8.0, 8.0, 8.0, 122, 1, 686
8.0, 299.0, 299.0, 299.0, 299.0, 8.0, 8.0, 119, 1, 191
8.0, 10.0, 8.0, 299.0, 8.0, 8.0, 10.0, 125, 1, 490
9.0, 8.0, 10.0, 10.0, 8.0, 10.0, 8.0, 119, 1, 677
10.0, 8.0, 8.0, 8.0, 9.0, 8.0, 8.0, 118, 1, 98
8.0, 8.0, 8.0, 299.0, 9.0, 8.0, 8.0, 116, 1, 87
8.0, 10.0, 8.0, 8.0, 8.0, 10.0, 8.0, 117, 1, 581
9.0, 8.0, 8.0, 8.0, 9.0, 10.0, 8.0, 115, 1, 121
8.0, 299.0, 299.0, 299.0, 8.0, 8.0, 8.0, 117, 1, 422
8.0, 10.0, 8.0, 9.0, 8.0, 8.0, 8.0, 118, 1, 459
8.0, 8.0, 8.0, 10.0, 8.0, 9.0, 9.0, 117, 1, 110
9.0, 299.0, 8.0, 8.0, 9.0, 8.0, 8.0, 113, 1, 680
8.0, 10.0, 9.0, 8.0, 8.0, 8.0, 9.0, 112, 1, 880
10.0, 10.0, 10.0, 8.0, 8.0, 8.0, 8.0, 114, 1, 179
9.0, 8.0, 8.0, 9.0, 8.0, 9.0, 10.0, 109, 1, 613
10.0, 299.0, 8.0, 10.0, 8.0, 8.0, 8.0, 110, 1, 194
299.0, 8.0, 8.0, 299.0, 8.0, 8.0, 8.0, 112, 1, 158
8.0, 8.0, 8.0, 8.0, 8.0, 10.0, 10.0, 106, 1, 94
8.0, 8.0, 8.0, 10.0, 9.0, 8.0, 9.0, 105, 1, 402
8.0, 10.0, 10.0, 8.0, 8.0, 10.0, 8.0, 104, 1, 238
8.0, 8.0, 8.0, 8.0, 299.0, 8.0, 8.0, 104, 1, 52
9.0, 8.0, 8.0, 9.0, 9.0, 8.0, 8.0, 103, 1, 454
8.0, 8.0, 8.0, 8.0, 9.0, 9.0, 9.0, 102, 1, 317
8.0, 299.0, 8.0, 8.0, 10.0, 10.0, 8.0, 106, 1, 699
10.0, 299.0, 8.0, 8.0, 8.0, 8.0, 9.0, 98, 1, 233
9.0, 9.0, 8.0, 9.0, 8.0, 8.0, 8.0, 97, 1, 846
8.0, 8.0, 299.0, 299.0, 8.0, 8.0, 8.0, 103, 1, 378
9.0, 8.0, 8.0, 8.0, 9.0, 9.0, 10.0, 95, 1, 341
10.0, 8.0, 10.0, 10.0, 8.0, 10.0, 10.0, 95, 1, 355
299.0, 8.0, 10.0, 8.0, 8.0, 8.0, 8.0, 98, 1, 548
8.0, 8.0, 8.0, 8.0, 8.0, 299.0, 8.0, 99, 1, 25
10.0, 299.0, 8.0, 10.0, 8.0, 8.0, 9.0, 94, 1, 220
8.0, 299.0, 8.0, 8.0, 8.0, 8.0, 10.0, 96, 1, 30
9.0, 8.0, 8.0, 9.0, 9.0, 9.0, 9.0, 93, 1, 334
8.0, 10.0, 10.0, 8.0, 8.0, 10.0, 10.0, 93, 1, 478
8.0, 10.0, 8.0, 8.0, 8.0, 10.0, 10.0, 93, 1, 758
10.0, 8.0, 8.0, 8.0, 8.0, 8.0, 9.0, 91, 1, 329
299.0, 299.0, 8.0, 8.0, 8.0, 299.0, 8.0, 93, 1, 561
10.0, 299.0, 8.0, 8.0, 8.0, 10.0, 8.0, 90, 1, 635
8.0, 8.0, 8.0, 8.0, 10.0, 8.0, 9.0, 89, 1, 47
8.0, 8.0, 8.0, 8.0, 8.0, 10.0, 9.0, 88, 1, 95
8.0, 8.0, 9.0, 8.0, 10.0, 8.0, 8.0, 87, 1, 82
10.0, 8.0, 8.0, 9.0, 8.0, 8.0, 9.0, 86, 1, 216
299.0, 8.0, 8.0, 10.0, 8.0, 9.0, 8.0, 85, 1, 597
8.0, 10.0, 8.0, 8.0, 8.0, 8.0, 9.0, 84, 1, 519
8.0, 299.0, 299.0, 299.0, 299.0, 9.0, 8.0, 85, 1, 361
8.0, 8.0, 9.0, 9.0, 9.0, 9.0, 8.0, 82, 1, 554
10.0, 299.0, 10.0, 8.0, 9.0, 8.0, 9.0, 85, 1, 769
9.0, 10.0, 8.0, 10.0, 8.0, 10.0, 8.0, 85, 1, 160
8.0, 8.0, 9.0, 9.0, 8.0, 8.0, 10.0, 81, 1, 669
8.0, 8.0, 299.0, 299.0, 9.0, 8.0, 8.0, 83, 1, 208
8.0, 10.0, 8.0, 9.0, 8.0, 8.0, 9.0, 80, 1, 374
9.0, 299.0, 8.0, 8.0, 8.0, 8.0, 10.0, 77, 1, 251
8.0, 8.0, 9.0, 8.0, 9.0, 9.0, 9.0, 75, 1, 666
8.0, 8.0, 9.0, 9.0, 8.0, 9.0, 9.0, 74, 1, 800
8.0, 9.0, 8.0, 8.0, 8.0, 10.0, 8.0, 73, 1, 236
8.0, 8.0, 8.0, 9.0, 10.0, 8.0, 8.0, 73, 1, 658
8.0, 8.0, 8.0, 299.0, 299.0, 299.0, 8.0, 86, 1, 53
9.0, 8.0, 9.0, 8.0, 8.0, 8.0, 10.0, 72, 1, 177
9.0, 9.0, 9.0, 8.0, 8.0, 9.0, 8.0, 72, 1, 253
8.0, 10.0, 8.0, 8.0, 9.0, 8.0, 10.0, 72, 1, 497
10.0, 10.0, 10.0, 8.0, 8.0, 8.0, 9.0, 72, 1, 602
299.0, 299.0, 299.0, 299.0, 8.0, 8.0, 10.0, 72, 1, 747
299.0, 9.0, 8.0, 8.0, 8.0, 8.0, 8.0, 71, 1, 114
299.0, 8.0, 8.0, 299.0, 299.0, 8.0, 8.0, 74, 1, 312
8.0, 8.0, 10.0, 9.0, 8.0, 8.0, 8.0, 71, 1, 692
8.0, 299.0, 299.0, 299.0, 299.0, 299.0, 8.0, 72, 1, 210
8.0, 299.0, 8.0, 8.0, 8.0, 9.0, 9.0, 70, 1, 412
299.0, 8.0, 9.0, 9.0, 8.0, 9.0, 8.0, 71, 1, 436
10.0, 10.0, 10.0, 10.0, 8.0, 8.0, 9.0, 69, 1, 562
9.0, 8.0, 9.0, 9.0, 8.0, 9.0, 9.0, 69, 1, 821
10.0, 299.0, 8.0, 8.0, 8.0, 8.0, 8.0, 68, 1, 157
10.0, 10.0, 10.0, 8.0, 9.0, 8.0, 8.0, 68, 1, 248
8.0, 8.0, 299.0, 9.0, 8.0, 8.0, 8.0, 68, 1, 443
9.0, 8.0, 8.0, 299.0, 299.0, 9.0, 8.0, 67, 1, 313
9.0, 9.0, 8.0, 8.0, 8.0, 8.0, 9.0, 68, 1, 442
10.0, 8.0, 8.0, 10.0, 9.0, 8.0, 8.0, 67, 1, 207
299.0, 299.0, 299.0, 10.0, 8.0, 8.0, 10.0, 66, 1, 273
9.0, 299.0, 9.0, 8.0, 8.0, 8.0, 9.0, 66, 1, 301
9.0, 8.0, 9.0, 9.0, 9.0, 8.0, 9.0, 66, 1, 771
8.0, 9.0, 10.0, 8.0, 9.0, 8.0, 8.0, 71, 1, 235
299.0, 9.0, 8.0, 8.0, 8.0, 9.0, 8.0, 65, 1, 893
9.0, 8.0, 8.0, 299.0, 8.0, 9.0, 8.0, 66, 1, 133
8.0, 10.0, 8.0, 10.0, 8.0, 10.0, 10.0, 69, 1, 397
10.0, 10.0, 8.0, 8.0, 9.0, 8.0, 8.0, 63, 1, 315
299.0, 8.0, 9.0, 8.0, 9.0, 8.0, 8.0, 62, 1, 230
299.0, 299.0, 299.0, 8.0, 8.0, 8.0, 10.0, 62, 1, 424
10.0, 8.0, 8.0, 299.0, 8.0, 10.0, 8.0, 62, 1, 532
10.0, 299.0, 10.0, 8.0, 8.0, 8.0, 10.0, 70, 1, 622
10.0, 8.0, 10.0, 10.0, 8.0, 8.0, 10.0, 63, 1, 170
8.0, 299.0, 9.0, 8.0, 8.0, 8.0, 9.0, 61, 1, 734
8.0, 8.0, 299.0, 299.0, 299.0, 8.0, 8.0, 60, 1, 263
9.0, 299.0, 299.0, 299.0, 9.0, 8.0, 8.0, 60, 1, 297
9.0, 299.0, 8.0, 9.0, 8.0, 8.0, 8.0, 60, 1, 326
10.0, 10.0, 8.0, 10.0, 8.0, 8.0, 10.0, 66, 1, 517
8.0, 8.0, 10.0, 10.0, 8.0, 8.0, 8.0, 60, 1, 552
299.0, 299.0, 8.0, 9.0, 8.0, 8.0, 9.0, 65, 1, 710
8.0, 299.0, 8.0, 8.0, 8.0, 10.0, 10.0, 59, 1, 29
8.0, 8.0, 10.0, 8.0, 8.0, 10.0, 10.0, 62, 1, 91
8.0, 8.0, 8.0, 10.0, 9.0, 8.0, 8.0, 59, 1, 97
8.0, 8.0, 8.0, 299.0, 8.0, 9.0, 8.0, 59, 1, 146
299.0, 299.0, 299.0, 299.0, 8.0, 10.0, 8.0, 62, 1, 398
8.0, 8.0, 9.0, 10.0, 8.0, 10.0, 8.0, 59, 1, 544
8.0, 8.0, 10.0, 10.0, 8.0, 10.0, 10.0, 59, 1, 560
299.0, 299.0, 8.0, 9.0, 8.0, 9.0, 8.0, 59, 1, 584
299.0, 8.0, 10.0, 8.0, 8.0, 8.0, 10.0, 62, 1, 594
9.0, 9.0, 8.0, 9.0, 8.0, 9.0, 8.0, 59, 1, 803
8.0, 299.0, 8.0, 8.0, 9.0, 9.0, 8.0, 58, 1, 381
10.0, 10.0, 10.0, 10.0, 8.0, 8.0, 8.0, 58, 1, 501
299.0, 8.0, 8.0, 299.0, 9.0, 9.0, 8.0, 62, 1, 506
9.0, 8.0, 9.0, 9.0, 9.0, 8.0, 8.0, 58, 1, 679
10.0, 8.0, 10.0, 10.0, 9.0, 8.0, 8.0, 59, 1, 218
9.0, 8.0, 10.0, 8.0, 8.0, 8.0, 9.0, 57, 1, 349
9.0, 9.0, 8.0, 9.0, 9.0, 9.0, 8.0, 57, 1, 403
9.0, 299.0, 299.0, 299.0, 299.0, 9.0, 8.0, 57, 1, 656
8.0, 8.0, 9.0, 9.0, 9.0, 8.0, 9.0, 57, 1, 700
9.0, 299.0, 8.0, 8.0, 8.0, 9.0, 8.0, 56, 1, 76
299.0, 299.0, 8.0, 299.0, 299.0, 8.0, 8.0, 56, 1, 539
8.0, 8.0, 299.0, 299.0, 8.0, 9.0, 8.0, 56, 1, 627
8.0, 299.0, 299.0, 299.0, 9.0, 8.0, 8.0, 60, 1, 180
9.0, 8.0, 9.0, 8.0, 9.0, 9.0, 8.0, 55, 1, 188
10.0, 8.0, 8.0, 8.0, 8.0, 9.0, 8.0, 55, 1, 296
8.0, 299.0, 8.0, 9.0, 9.0, 8.0, 8.0, 54, 1, 96
10.0, 10.0, 10.0, 8.0, 8.0, 8.0, 10.0, 54, 1, 168
9.0, 299.0, 8.0, 8.0, 8.0, 8.0, 9.0, 54, 1, 351
9.0, 8.0, 8.0, 8.0, 10.0, 9.0, 8.0, 53, 1, 401
299.0, 8.0, 299.0, 9.0, 8.0, 8.0, 8.0, 53, 1, 446
9.0, 8.0, 9.0, 9.0, 9.0, 9.0, 8.0, 52, 1, 221
8.0, 8.0, 9.0, 8.0, 10.0, 9.0, 9.0, 51, 1, 162
8.0, 299.0, 10.0, 9.0, 8.0, 8.0, 8.0, 54, 1, 377
8.0, 299.0, 8.0, 8.0, 9.0, 8.0, 9.0, 51, 1, 796
299.0, 299.0, 299.0, 9.0, 8.0, 8.0, 9.0, 51, 1, 812
10.0, 299.0, 10.0, 8.0, 8.0, 8.0, 8.0, 52, 1, 366
8.0, 9.0, 9.0, 8.0, 9.0, 8.0, 8.0, 50, 1, 870
299.0, 299.0, 299.0, 299.0, 8.0, 10.0, 10.0, 53, 1, 900
8.0, 8.0, 10.0, 8.0, 10.0, 8.0, 10.0, 49, 1, 153
8.0, 10.0, 8.0, 8.0, 9.0, 8.0, 9.0, 48, 1, 671
8.0, 8.0, 9.0, 10.0, 8.0, 8.0, 8.0, 48, 1, 708
8.0, 8.0, 9.0, 8.0, 10.0, 8.0, 10.0, 48, 1, 830
299.0, 299.0, 299.0, 299.0, 299.0, 9.0, 10.0, 47, 1, 359
10.0, 10.0, 10.0, 8.0, 10.0, 10.0, 8.0, 47, 1, 754
8.0, 9.0, 8.0, 8.0, 10.0, 8.0, 10.0, 47, 1, 912
10.0, 8.0, 10.0, 8.0, 10.0, 8.0, 10.0, 47, 1, 535
9.0, 8.0, 9.0, 8.0, 8.0, 9.0, 9.0, 46, 1, 729
8.0, 299.0, 8.0, 8.0, 10.0, 8.0, 9.0, 46, 1, 792
299.0, 299.0, 8.0, 8.0, 9.0, 8.0, 10.0, 45, 1, 363
8.0, 8.0, 10.0, 8.0, 9.0, 10.0, 10.0, 45, 1, 550
299.0, 299.0, 299.0, 8.0, 9.0, 8.0, 9.0, 46, 1, 654
9.0, 8.0, 10.0, 8.0, 10.0, 8.0, 9.0, 45, 1, 822
8.0, 9.0, 9.0, 8.0, 8.0, 8.0, 9.0, 45, 1, 841
8.0, 8.0, 8.0, 8.0, 10.0, 8.0, 10.0, 44, 1, 49
299.0, 299.0, 299.0, 9.0, 9.0, 8.0, 8.0, 44, 1, 457
299.0, 10.0, 8.0, 10.0, 8.0, 9.0, 10.0, 44, 1, 533
9.0, 8.0, 9.0, 9.0, 8.0, 9.0, 10.0, 44, 1, 556
9.0, 8.0, 8.0, 8.0, 299.0, 9.0, 10.0, 45, 1, 565
10.0, 8.0, 8.0, 10.0, 8.0, 8.0, 10.0, 43, 1, 152
299.0, 8.0, 8.0, 299.0, 8.0, 9.0, 8.0, 42, 1, 134
10.0, 10.0, 8.0, 10.0, 8.0, 10.0, 8.0, 42, 1, 282
9.0, 299.0, 299.0, 299.0, 299.0, 8.0, 8.0, 42, 1, 392
8.0, 9.0, 10.0, 8.0, 10.0, 8.0, 10.0, 42, 1, 426
299.0, 8.0, 9.0, 8.0, 8.0, 9.0, 8.0, 42, 1, 605
10.0, 299.0, 9.0, 9.0, 9.0, 9.0, 9.0, 41, 1, 50
299.0, 8.0, 10.0, 8.0, 9.0, 8.0, 8.0, 42, 1, 242
8.0, 9.0, 8.0, 8.0, 8.0, 8.0, 10.0, 41, 1, 277
299.0, 299.0, 299.0, 299.0, 299.0, 9.0, 9.0, 41, 1, 292
8.0, 10.0, 8.0, 10.0, 9.0, 8.0, 8.0, 41, 1, 503
8.0, 8.0, 8.0, 299.0, 8.0, 9.0, 9.0, 45, 1, 528
8.0, 9.0, 10.0, 8.0, 10.0, 9.0, 10.0, 41, 1, 603
299.0, 299.0, 8.0, 8.0, 8.0, 9.0, 9.0, 41, 1, 757
8.0, 299.0, 10.0, 8.0, 10.0, 10.0, 10.0, 46, 1, 851
299.0, 8.0, 8.0, 9.0, 9.0, 9.0, 9.0, 40, 1, 38
8.0, 9.0, 8.0, 10.0, 9.0, 8.0, 9.0, 40, 1, 418
299.0, 10.0, 8.0, 8.0, 8.0, 8.0, 8.0, 40, 1, 433
10.0, 8.0, 10.0, 8.0, 8.0, 8.0, 9.0, 40, 1, 568
8.0, 299.0, 8.0, 10.0, 8.0, 8.0, 9.0, 40, 1, 797
299.0, 8.0, 9.0, 9.0, 8.0, 8.0, 8.0, 41, 1, 835
8.0, 8.0, 299.0, 8.0, 8.0, 8.0, 8.0, 39, 1, 64
8.0, 8.0, 10.0, 8.0, 9.0, 8.0, 10.0, 43, 1, 71
8.0, 9.0, 8.0, 10.0, 8.0, 8.0, 8.0, 39, 1, 325
8.0, 9.0, 8.0, 9.0, 8.0, 9.0, 9.0, 39, 1, 413
299.0, 299.0, 299.0, 8.0, 8.0, 10.0, 10.0, 39, 1, 429
8.0, 10.0, 10.0, 10.0, 8.0, 8.0, 8.0, 39, 1, 500
299.0, 8.0, 10.0, 8.0, 8.0, 10.0, 10.0, 40, 1, 570
9.0, 8.0, 8.0, 10.0, 8.0, 8.0, 10.0, 39, 1, 702
9.0, 299.0, 10.0, 8.0, 8.0, 8.0, 8.0, 39, 1, 783
8.0, 299.0, 10.0, 8.0, 8.0, 8.0, 10.0, 39, 1, 911
299.0, 299.0, 299.0, 299.0, 9.0, 8.0, 10.0, 38, 1, 73
8.0, 299.0, 10.0, 8.0, 8.0, 9.0, 8.0, 38, 1, 86
9.0, 299.0, 10.0, 8.0, 8.0, 9.0, 8.0, 38, 1, 99
8.0, 299.0, 299.0, 299.0, 299.0, 8.0, 10.0, 41, 1, 205
9.0, 299.0, 8.0, 8.0, 9.0, 9.0, 8.0, 38, 1, 316
299.0, 8.0, 8.0, 9.0, 9.0, 8.0, 9.0, 38, 1, 393
299.0, 10.0, 8.0, 299.0, 8.0, 8.0, 10.0, 38, 1, 489
299.0, 299.0, 299.0, 299.0, 8.0, 9.0, 9.0, 38, 1, 492
10.0, 299.0, 10.0, 8.0, 8.0, 8.0, 9.0, 38, 1, 824
9.0, 299.0, 299.0, 299.0, 8.0, 8.0, 8.0, 37, 1, 271
299.0, 8.0, 9.0, 9.0, 9.0, 9.0, 10.0, 38, 1, 633
10.0, 299.0, 8.0, 8.0, 8.0, 8.0, 10.0, 37, 1, 683
299.0, 8.0, 8.0, 8.0, 10.0, 10.0, 9.0, 36, 1, 62
299.0, 8.0, 8.0, 299.0, 299.0, 9.0, 8.0, 37, 1, 456
8.0, 8.0, 10.0, 10.0, 8.0, 8.0, 10.0, 36, 1, 518
8.0, 299.0, 9.0, 9.0, 9.0, 9.0, 9.0, 36, 1, 768
10.0, 299.0, 8.0, 9.0, 9.0, 9.0, 9.0, 36, 1, 41
8.0, 299.0, 8.0, 8.0, 9.0, 8.0, 10.0, 35, 1, 84
299.0, 8.0, 299.0, 9.0, 8.0, 9.0, 8.0, 35, 1, 435
10.0, 10.0, 8.0, 8.0, 9.0, 8.0, 9.0, 35, 1, 847
8.0, 10.0, 8.0, 8.0, 8.0, 9.0, 9.0, 34, 1, 124
8.0, 8.0, 8.0, 10.0, 8.0, 8.0, 10.0, 34, 1, 151
9.0, 299.0, 299.0, 299.0, 299.0, 8.0, 9.0, 34, 1, 353
299.0, 8.0, 8.0, 8.0, 10.0, 10.0, 8.0, 34, 1, 360
9.0, 299.0, 299.0, 9.0, 8.0, 8.0, 8.0, 34, 1, 727
299.0, 8.0, 8.0, 8.0, 9.0, 9.0, 9.0, 33, 1, 67
10.0, 8.0, 8.0, 8.0, 9.0, 9.0, 8.0, 33, 1, 108
10.0, 8.0, 8.0, 8.0, 8.0, 10.0, 8.0, 33, 1, 250
10.0, 8.0, 8.0, 10.0, 8.0, 10.0, 8.0, 33, 1, 260
299.0, 299.0, 299.0, 9.0, 8.0, 8.0, 10.0, 33, 1, 791
299.0, 299.0, 299.0, 299.0, 10.0, 8.0, 8.0, 32, 1, 247
299.0, 10.0, 8.0, 10.0, 8.0, 8.0, 8.0, 32, 1, 465
10.0, 299.0, 9.0, 8.0, 8.0, 8.0, 10.0, 32, 1, 575
9.0, 9.0, 10.0, 8.0, 10.0, 8.0, 10.0, 32, 1, 855
10.0, 8.0, 8.0, 8.0, 8.0, 9.0, 9.0, 31, 1, 46
8.0, 9.0, 10.0, 8.0, 10.0, 8.0, 9.0, 31, 1, 166
8.0, 8.0, 10.0, 8.0, 8.0, 9.0, 10.0, 35, 1, 224
299.0, 8.0, 299.0, 299.0, 8.0, 8.0, 8.0, 32, 1, 249
8.0, 299.0, 8.0, 9.0, 8.0, 9.0, 8.0, 31, 1, 327
8.0, 299.0, 299.0, 299.0, 299.0, 8.0, 9.0, 31, 1, 348
299.0, 10.0, 8.0, 10.0, 8.0, 9.0, 9.0, 33, 1, 534
10.0, 10.0, 8.0, 10.0, 8.0, 8.0, 9.0, 31, 1, 569
299.0, 8.0, 10.0, 9.0, 8.0, 9.0, 8.0, 31, 1, 583
299.0, 299.0, 8.0, 8.0, 8.0, 10.0, 10.0, 31, 1, 687
9.0, 299.0, 8.0, 8.0, 9.0, 8.0, 9.0, 31, 1, 784
10.0, 8.0, 8.0, 8.0, 8.0, 9.0, 10.0, 30, 1, 113
299.0, 8.0, 9.0, 9.0, 9.0, 8.0, 8.0, 30, 1, 600
8.0, 10.0, 9.0, 9.0, 9.0, 8.0, 8.0, 31, 1, 839
9.0, 9.0, 10.0, 8.0, 8.0, 8.0, 8.0, 30, 1, 873
299.0, 8.0, 8.0, 299.0, 8.0, 8.0, 9.0, 30, 1, 395
9.0, 8.0, 10.0, 9.0, 8.0, 9.0, 10.0, 29, 1, 557
9.0, 8.0, 9.0, 8.0, 9.0, 9.0, 9.0, 29, 1, 631
9.0, 299.0, 8.0, 8.0, 10.0, 8.0, 10.0, 29, 1, 662
299.0, 299.0, 8.0, 299.0, 299.0, 299.0, 8.0, 29, 1, 725
10.0, 299.0, 8.0, 8.0, 8.0, 10.0, 10.0, 32, 1, 845
299.0, 8.0, 8.0, 8.0, 299.0, 299.0, 8.0, 32, 1, 140
10.0, 8.0, 8.0, 9.0, 8.0, 8.0, 8.0, 28, 1, 239
10.0, 8.0, 8.0, 9.0, 9.0, 9.0, 8.0, 31, 1, 318
8.0, 8.0, 8.0, 10.0, 10.0, 8.0, 10.0, 28, 1, 387
10.0, 299.0, 10.0, 8.0, 9.0, 10.0, 10.0, 28, 1, 733
8.0, 299.0, 8.0, 9.0, 8.0, 8.0, 9.0, 28, 1, 804
8.0, 299.0, 10.0, 8.0, 10.0, 8.0, 9.0, 28, 1, 827
8.0, 299.0, 10.0, 8.0, 8.0, 8.0, 8.0, 28, 1, 904
9.0, 8.0, 10.0, 8.0, 10.0, 8.0, 10.0, 27, 1, 72
9.0, 299.0, 299.0, 299.0, 299.0, 299.0, 8.0, 29, 1, 291
299.0, 299.0, 299.0, 8.0, 8.0, 9.0, 9.0, 32, 1, 298
8.0, 299.0, 8.0, 10.0, 9.0, 8.0, 9.0, 27, 1, 419
299.0, 299.0, 8.0, 8.0, 8.0, 10.0, 8.0, 27, 1, 423
299.0, 8.0, 8.0, 8.0, 10.0, 8.0, 10.0, 27, 1, 452
8.0, 8.0, 8.0, 9.0, 10.0, 8.0, 9.0, 27, 1, 691
9.0, 8.0, 8.0, 9.0, 10.0, 10.0, 10.0, 28, 1, 697
299.0, 299.0, 299.0, 299.0, 299.0, 10.0, 10.0, 27, 1, 732
8.0, 9.0, 10.0, 8.0, 8.0, 8.0, 8.0, 27, 1, 808
299.0, 8.0, 9.0, 8.0, 8.0, 10.0, 9.0, 27, 1, 823
8.0, 8.0, 8.0, 8.0, 299.0, 8.0, 9.0, 27, 1, 872
299.0, 299.0, 299.0, 8.0, 10.0, 10.0, 9.0, 27, 1, 888
9.0, 299.0, 8.0, 9.0, 8.0, 8.0, 9.0, 27, 1, 358
299.0, 299.0, 9.0, 299.0, 10.0, 8.0, 10.0, 27, 1, 828
9.0, 9.0, 10.0, 8.0, 10.0, 8.0, 8.0, 26, 1, 861
299.0, 8.0, 8.0, 10.0, 8.0, 8.0, 10.0, 25, 1, 171
10.0, 10.0, 10.0, 8.0, 10.0, 8.0, 9.0, 25, 1, 173
8.0, 8.0, 8.0, 8.0, 10.0, 10.0, 10.0, 25, 1, 211
10.0, 299.0, 8.0, 10.0, 8.0, 10.0, 10.0, 25, 1, 269
9.0, 299.0, 299.0, 299.0, 8.0, 9.0, 8.0, 25, 1, 439
10.0, 299.0, 8.0, 8.0, 9.0, 8.0, 8.0, 25, 1, 571
8.0, 8.0, 8.0, 9.0, 299.0, 8.0, 8.0, 25, 1, 592
10.0, 8.0, 10.0, 8.0, 9.0, 10.0, 8.0, 25, 1, 611
9.0, 8.0, 10.0, 9.0, 8.0, 8.0, 8.0, 25, 1, 775
10.0, 299.0, 8.0, 8.0, 8.0, 9.0, 8.0, 25, 1, 890
299.0, 299.0, 8.0, 8.0, 299.0, 8.0, 8.0, 24, 1, 234
8.0, 8.0, 299.0, 299.0, 9.0, 8.0, 9.0, 24, 1, 476
8.0, 10.0, 8.0, 10.0, 8.0, 9.0, 10.0, 24, 1, 541
8.0, 8.0, 9.0, 10.0, 8.0, 10.0, 9.0, 24, 1, 549
8.0, 8.0, 10.0, 8.0, 9.0, 9.0, 9.0, 24, 1, 737
8.0, 299.0, 299.0, 299.0, 299.0, 9.0, 9.0, 28, 1, 328
9.0, 299.0, 8.0, 299.0, 8.0, 10.0, 8.0, 23, 1, 463
9.0, 299.0, 299.0, 8.0, 8.0, 8.0, 8.0, 23, 1, 481
9.0, 8.0, 8.0, 10.0, 10.0, 10.0, 10.0, 23, 1, 624
8.0, 299.0, 10.0, 8.0, 9.0, 8.0, 10.0, 23, 1, 735
9.0, 9.0, 9.0, 8.0, 8.0, 8.0, 8.0, 23, 1, 878
8.0, 8.0, 10.0, 8.0, 8.0, 10.0, 9.0, 22, 1, 107
8.0, 8.0, 9.0, 9.0, 10.0, 9.0, 8.0, 22, 1, 117
299.0, 299.0, 10.0, 8.0, 8.0, 8.0, 8.0, 22, 1, 332
9.0, 299.0, 8.0, 10.0, 8.0, 8.0, 8.0, 22, 1, 340
10.0, 10.0, 8.0, 8.0, 8.0, 8.0, 9.0, 22, 1, 520
9.0, 8.0, 8.0, 9.0, 9.0, 9.0, 10.0, 22, 1, 638
299.0, 299.0, 299.0, 9.0, 10.0, 8.0, 8.0, 22, 1, 673
8.0, 8.0, 9.0, 9.0, 10.0, 8.0, 8.0, 22, 1, 682
10.0, 8.0, 9.0, 8.0, 8.0, 9.0, 8.0, 22, 1, 704
9.0, 299.0, 299.0, 8.0, 9.0, 9.0, 8.0, 22, 1, 724
299.0, 8.0, 8.0, 8.0, 8.0, 299.0, 8.0, 22, 1, 28
299.0, 299.0, 299.0, 299.0, 299.0, 299.0, 9.0, 22, 1, 294
8.0, 8.0, 8.0, 10.0, 10.0, 8.0, 9.0, 21, 1, 308
8.0, 8.0, 8.0, 299.0, 8.0, 8.0, 10.0, 21, 1, 487
8.0, 8.0, 8.0, 8.0, 299.0, 299.0, 9.0, 21, 1, 545
299.0, 8.0, 299.0, 299.0, 299.0, 8.0, 8.0, 21, 1, 632
8.0, 8.0, 299.0, 299.0, 299.0, 8.0, 10.0, 25, 1, 653
10.0, 10.0, 10.0, 8.0, 8.0, 9.0, 8.0, 23, 1, 707
8.0, 9.0, 8.0, 8.0, 8.0, 9.0, 9.0, 21, 1, 802
8.0, 9.0, 9.0, 9.0, 8.0, 9.0, 9.0, 21, 1, 832
10.0, 10.0, 8.0, 8.0, 8.0, 9.0, 8.0, 21, 1, 891
9.0, 10.0, 8.0, 9.0, 8.0, 9.0, 8.0, 20, 1, 159
299.0, 299.0, 9.0, 8.0, 8.0, 9.0, 8.0, 20, 1, 252
9.0, 299.0, 9.0, 8.0, 8.0, 9.0, 8.0, 20, 1, 311
10.0, 299.0, 9.0, 8.0, 8.0, 10.0, 10.0, 20, 1, 354
9.0, 8.0, 8.0, 8.0, 10.0, 10.0, 9.0, 20, 1, 370
8.0, 8.0, 9.0, 8.0, 8.0, 10.0, 8.0, 20, 1, 380
299.0, 9.0, 8.0, 8.0, 8.0, 10.0, 8.0, 20, 1, 558
8.0, 8.0, 9.0, 9.0, 8.0, 9.0, 10.0, 20, 1, 567
9.0, 8.0, 8.0, 9.0, 9.0, 8.0, 10.0, 20, 1, 647
9.0, 299.0, 8.0, 299.0, 299.0, 8.0, 10.0, 27, 1, 667
10.0, 299.0, 8.0, 9.0, 8.0, 8.0, 9.0, 20, 1, 713
9.0, 8.0, 9.0, 8.0, 10.0, 8.0, 10.0, 20, 1, 858
9.0, 8.0, 10.0, 9.0, 8.0, 8.0, 10.0, 19, 1, 196
9.0, 9.0, 9.0, 8.0, 10.0, 9.0, 8.0, 20, 1, 274
10.0, 299.0, 8.0, 8.0, 9.0, 9.0, 8.0, 19, 1, 302
9.0, 9.0, 8.0, 299.0, 299.0, 9.0, 8.0, 19, 1, 427
299.0, 10.0, 8.0, 299.0, 8.0, 8.0, 8.0, 19, 1, 538
299.0, 8.0, 9.0, 8.0, 8.0, 9.0, 9.0, 19, 1, 572
9.0, 8.0, 299.0, 299.0, 299.0, 8.0, 8.0, 19, 1, 637
10.0, 10.0, 9.0, 8.0, 8.0, 9.0, 8.0, 19, 1, 781
8.0, 10.0, 10.0, 8.0, 8.0, 10.0, 9.0, 19, 1, 850
10.0, 10.0, 10.0, 9.0, 9.0, 8.0, 8.0, 19, 1, 857
299.0, 8.0, 8.0, 8.0, 299.0, 8.0, 8.0, 18, 1, 131
8.0, 299.0, 299.0, 299.0, 299.0, 299.0, 9.0, 18, 1, 411
10.0, 8.0, 10.0, 8.0, 9.0, 9.0, 8.0, 19, 1, 610
8.0, 299.0, 10.0, 8.0, 10.0, 9.0, 9.0, 18, 1, 681
10.0, 10.0, 10.0, 8.0, 10.0, 8.0, 10.0, 21, 1, 693
8.0, 299.0, 9.0, 9.0, 8.0, 8.0, 9.0, 18, 1, 712
9.0, 9.0, 8.0, 9.0, 9.0, 8.0, 10.0, 18, 1, 743
10.0, 8.0, 9.0, 8.0, 10.0, 8.0, 8.0, 19, 1, 763
8.0, 8.0, 9.0, 8.0, 9.0, 9.0, 10.0, 18, 1, 770
299.0, 299.0, 10.0, 8.0, 8.0, 8.0, 9.0, 18, 1, 816
9.0, 8.0, 8.0, 8.0, 299.0, 8.0, 8.0, 18, 1, 875
8.0, 8.0, 8.0, 299.0, 299.0, 8.0, 9.0, 18, 1, 70
8.0, 8.0, 8.0, 299.0, 9.0, 8.0, 9.0, 17, 1, 127
299.0, 8.0, 8.0, 9.0, 9.0, 9.0, 8.0, 17, 1, 195
9.0, 299.0, 8.0, 8.0, 10.0, 9.0, 8.0, 17, 1, 441
299.0, 10.0, 8.0, 299.0, 8.0, 8.0, 9.0, 17, 1, 488
299.0, 10.0, 8.0, 8.0, 8.0, 8.0, 9.0, 17, 1, 513
9.0, 8.0, 10.0, 8.0, 8.0, 8.0, 10.0, 17, 1, 619
9.0, 299.0, 9.0, 8.0, 9.0, 8.0, 9.0, 17, 1, 648
9.0, 8.0, 9.0, 8.0, 9.0, 8.0, 10.0, 17, 1, 703
8.0, 8.0, 9.0, 10.0, 8.0, 8.0, 9.0, 17, 1, 772
8.0, 8.0, 9.0, 9.0, 8.0, 10.0, 10.0, 17, 1, 860
9.0, 8.0, 10.0, 8.0, 8.0, 9.0, 8.0, 16, 1, 92
10.0, 299.0, 8.0, 8.0, 10.0, 8.0, 8.0, 16, 1, 258
9.0, 299.0, 9.0, 9.0, 8.0, 8.0, 9.0, 16, 1, 384
8.0, 299.0, 8.0, 10.0, 8.0, 9.0, 8.0, 16, 1, 582
8.0, 8.0, 8.0, 9.0, 9.0, 8.0, 10.0, 16, 1, 701
10.0, 299.0, 10.0, 9.0, 8.0, 9.0, 8.0, 16, 1, 706
8.0, 8.0, 8.0, 10.0, 10.0, 8.0, 8.0, 16, 1, 762
8.0, 299.0, 10.0, 8.0, 10.0, 8.0, 8.0, 16, 1, 815
10.0, 10.0, 8.0, 9.0, 9.0, 8.0, 10.0, 16, 1, 854
8.0, 299.0, 8.0, 8.0, 8.0, 10.0, 8.0, 15, 1, 57
299.0, 8.0, 9.0, 8.0, 9.0, 8.0, 9.0, 15, 1, 227
299.0, 299.0, 299.0, 10.0, 8.0, 9.0, 9.0, 15, 1, 285
8.0, 299.0, 8.0, 8.0, 10.0, 8.0, 10.0, 15, 1, 303
9.0, 9.0, 9.0, 9.0, 8.0, 8.0, 9.0, 15, 1, 382
10.0, 8.0, 9.0, 8.0, 8.0, 8.0, 10.0, 15, 1, 385
10.0, 8.0, 8.0, 8.0, 10.0, 8.0, 10.0, 15, 1, 529
10.0, 299.0, 299.0, 299.0, 299.0, 8.0, 10.0, 16, 1, 623
8.0, 9.0, 9.0, 8.0, 9.0, 9.0, 8.0, 15, 1, 721
8.0, 299.0, 299.0, 9.0, 8.0, 8.0, 8.0, 15, 1, 726
8.0, 10.0, 8.0, 8.0, 8.0, 9.0, 8.0, 15, 1, 761
8.0, 299.0, 8.0, 9.0, 9.0, 8.0, 9.0, 15, 1, 788
10.0, 10.0, 9.0, 8.0, 8.0, 8.0, 8.0, 15, 1, 836
8.0, 9.0, 8.0, 8.0, 10.0, 8.0, 8.0, 15, 1, 852
9.0, 9.0, 8.0, 8.0, 9.0, 9.0, 8.0, 15, 1, 898
299.0, 8.0, 8.0, 10.0, 8.0, 8.0, 8.0, 15, 1, 899
8.0, 8.0, 8.0, 299.0, 8.0, 299.0, 8.0, 14, 1, 198
8.0, 9.0, 8.0, 10.0, 10.0, 8.0, 8.0, 14, 1, 213
10.0, 10.0, 8.0, 8.0, 8.0, 8.0, 8.0, 14, 1, 283
10.0, 299.0, 10.0, 8.0, 10.0, 8.0, 8.0, 14, 1, 287
299.0, 8.0, 8.0, 9.0, 9.0, 8.0, 8.0, 14, 1, 342
9.0, 8.0, 8.0, 299.0, 299.0, 8.0, 8.0, 14, 1, 364
299.0, 299.0, 299.0, 299.0, 299.0, 299.0, 10.0, 15, 1, 410
10.0, 8.0, 10.0, 8.0, 10.0, 8.0, 8.0, 14, 1, 531
299.0, 299.0, 8.0, 10.0, 9.0, 8.0, 8.0, 14, 1, 540
299.0, 299.0, 10.0, 9.0, 8.0, 8.0, 10.0, 14, 1, 553
299.0, 299.0, 8.0, 10.0, 8.0, 8.0, 10.0, 14, 1, 587
9.0, 8.0, 9.0, 9.0, 9.0, 9.0, 10.0, 14, 1, 630
9.0, 299.0, 9.0, 8.0, 9.0, 8.0, 8.0, 14, 1, 652
10.0, 299.0, 9.0, 8.0, 8.0, 8.0, 8.0, 14, 1, 678
10.0, 10.0, 10.0, 8.0, 10.0, 8.0, 8.0, 14, 1, 695
299.0, 299.0, 299.0, 8.0, 8.0, 9.0, 10.0, 14, 1, 740
8.0, 299.0, 10.0, 299.0, 299.0, 9.0, 8.0, 14, 1, 790
8.0, 9.0, 10.0, 8.0, 8.0, 9.0, 8.0, 14, 1, 840
8.0, 9.0, 8.0, 8.0, 10.0, 8.0, 9.0, 14, 1, 889
8.0, 8.0, 10.0, 9.0, 8.0, 9.0, 8.0, 13, 1, 262
9.0, 299.0, 8.0, 8.0, 8.0, 9.0, 9.0, 13, 1, 373
8.0, 299.0, 8.0, 10.0, 8.0, 8.0, 8.0, 14, 1, 462
299.0, 8.0, 8.0, 10.0, 8.0, 9.0, 10.0, 13, 1, 473
10.0, 10.0, 10.0, 299.0, 9.0, 9.0, 8.0, 16, 1, 499
9.0, 299.0, 299.0, 299.0, 299.0, 10.0, 10.0, 13, 1, 705
8.0, 299.0, 8.0, 9.0, 8.0, 9.0, 9.0, 13, 1, 716
9.0, 299.0, 299.0, 8.0, 8.0, 8.0, 9.0, 13, 1, 764
299.0, 299.0, 10.0, 8.0, 8.0, 8.0, 10.0, 13, 1, 774
8.0, 8.0, 9.0, 299.0, 9.0, 8.0, 8.0, 13, 1, 782
9.0, 9.0, 10.0, 8.0, 10.0, 9.0, 8.0, 13, 1, 862
9.0, 9.0, 8.0, 8.0, 8.0, 8.0, 10.0, 13, 1, 868
299.0, 299.0, 299.0, 8.0, 10.0, 8.0, 9.0, 13, 1, 885
8.0, 299.0, 10.0, 8.0, 10.0, 8.0, 10.0, 15, 1, 906
299.0, 8.0, 8.0, 299.0, 299.0, 299.0, 8.0, 14, 1, 59
10.0, 8.0, 8.0, 9.0, 8.0, 10.0, 9.0, 12, 1, 356
299.0, 299.0, 299.0, 9.0, 8.0, 9.0, 9.0, 13, 1, 369
9.0, 299.0, 8.0, 299.0, 299.0, 9.0, 8.0, 12, 1, 394
299.0, 8.0, 8.0, 8.0, 299.0, 8.0, 9.0, 12, 1, 434
299.0, 8.0, 8.0, 299.0, 299.0, 9.0, 10.0, 12, 1, 551
8.0, 299.0, 9.0, 9.0, 8.0, 9.0, 8.0, 12, 1, 718
8.0, 9.0, 10.0, 8.0, 9.0, 8.0, 10.0, 12, 1, 745
8.0, 8.0, 9.0, 9.0, 299.0, 8.0, 9.0, 12, 1, 799
10.0, 10.0, 10.0, 8.0, 8.0, 9.0, 9.0, 15, 1, 831
10.0, 10.0, 9.0, 9.0, 10.0, 8.0, 9.0, 12, 1, 843
9.0, 299.0, 8.0, 8.0, 10.0, 8.0, 8.0, 12, 1, 884
299.0, 299.0, 8.0, 299.0, 8.0, 8.0, 8.0, 11, 1, 3
299.0, 8.0, 8.0, 10.0, 9.0, 8.0, 10.0, 11, 1, 338
8.0, 8.0, 8.0, 10.0, 299.0, 299.0, 8.0, 11, 1, 388
9.0, 299.0, 8.0, 9.0, 8.0, 9.0, 10.0, 11, 1, 409
8.0, 299.0, 299.0, 299.0, 9.0, 8.0, 9.0, 11, 1, 496
9.0, 8.0, 8.0, 8.0, 299.0, 299.0, 8.0, 11, 1, 498
299.0, 299.0, 299.0, 299.0, 299.0, 10.0, 8.0, 11, 1, 591
8.0, 8.0, 8.0, 8.0, 299.0, 9.0, 8.0, 11, 1, 676
8.0, 8.0, 8.0, 8.0, 10.0, 9.0, 9.0, 11, 1, 722
8.0, 299.0, 8.0, 8.0, 299.0, 8.0, 8.0, 11, 1, 798
8.0, 9.0, 8.0, 9.0, 9.0, 8.0, 8.0, 11, 1, 869
8.0, 299.0, 10.0, 8.0, 9.0, 8.0, 8.0, 11, 1, 905
299.0, 8.0, 8.0, 8.0, 8.0, 9.0, 10.0, 10, 1, 112
299.0, 8.0, 9.0, 8.0, 10.0, 9.0, 10.0, 10, 1, 319
299.0, 299.0, 299.0, 299.0, 8.0, 299.0, 8.0, 10, 1, 321
299.0, 8.0, 8.0, 8.0, 299.0, 299.0, 9.0, 10, 1, 431
10.0, 8.0, 9.0, 8.0, 8.0, 8.0, 8.0, 10, 1, 523
9.0, 8.0, 299.0, 299.0, 299.0, 9.0, 9.0, 10, 1, 642
9.0, 10.0, 8.0, 9.0, 8.0, 8.0, 8.0, 10, 1, 694
299.0, 8.0, 299.0, 299.0, 299.0, 9.0, 8.0, 10, 1, 789
9.0, 8.0, 10.0, 8.0, 8.0, 9.0, 9.0, 10, 1, 820
10.0, 299.0, 8.0, 8.0, 9.0, 8.0, 9.0, 10, 1, 848
8.0, 9.0, 10.0, 8.0, 8.0, 8.0, 10.0, 10, 1, 896
9.0, 9.0, 8.0, 10.0, 10.0, 8.0, 10.0, 9, 1, 139
10.0, 10.0, 8.0, 10.0, 10.0, 8.0, 10.0, 9, 1, 154
10.0, 299.0, 8.0, 8.0, 10.0, 8.0, 10.0, 9, 1, 379
299.0, 299.0, 299.0, 299.0, 9.0, 9.0, 9.0, 9, 1, 432
8.0, 8.0, 8.0, 299.0, 299.0, 9.0, 8.0, 11, 1, 447
8.0, 10.0, 10.0, 299.0, 9.0, 8.0, 9.0, 9, 1, 479
299.0, 299.0, 299.0, 10.0, 8.0, 9.0, 10.0, 9, 1, 484
8.0, 10.0, 10.0, 8.0, 8.0, 8.0, 9.0, 9, 1, 636
10.0, 8.0, 8.0, 299.0, 9.0, 8.0, 8.0, 8, 1, 156
9.0, 10.0, 8.0, 8.0, 8.0, 9.0, 8.0, 8, 1, 161
299.0, 8.0, 299.0, 299.0, 9.0, 8.0, 8.0, 8, 1, 214
8.0, 8.0, 10.0, 299.0, 299.0, 8.0, 8.0, 12, 1, 244
299.0, 299.0, 299.0, 8.0, 10.0, 8.0, 8.0, 8, 1, 295
299.0, 8.0, 8.0, 10.0, 9.0, 8.0, 8.0, 8, 1, 330
9.0, 8.0, 8.0, 8.0, 8.0, 299.0, 8.0, 8, 1, 331
8.0, 10.0, 8.0, 9.0, 8.0, 9.0, 9.0, 8, 1, 396
8.0, 8.0, 299.0, 8.0, 8.0, 10.0, 10.0, 8, 1, 477
299.0, 8.0, 299.0, 299.0, 299.0, 299.0, 8.0, 8, 1, 512
9.0, 8.0, 8.0, 8.0, 9.0, 9.0, 9.0, 8, 1, 563
8.0, 8.0, 8.0, 299.0, 299.0, 8.0, 10.0, 8, 1, 728
10.0, 10.0, 9.0, 8.0, 10.0, 10.0, 10.0, 8, 1, 748
8.0, 9.0, 10.0, 8.0, 9.0, 10.0, 10.0, 8, 1, 753
9.0, 9.0, 9.0, 8.0, 8.0, 8.0, 9.0, 8, 1, 849
9.0, 9.0, 8.0, 8.0, 8.0, 9.0, 8.0, 8, 1, 879
8.0, 10.0, 10.0, 8.0, 10.0, 8.0, 9.0, 8, 1, 892
10.0, 299.0, 10.0, 8.0, 10.0, 8.0, 9.0, 8, 1, 913
10.0, 8.0, 8.0, 299.0, 8.0, 8.0, 8.0, 7, 1, 155
299.0, 299.0, 299.0, 8.0, 8.0, 299.0, 8.0, 7, 1, 350
9.0, 8.0, 8.0, 299.0, 8.0, 8.0, 8.0, 7, 1, 482
10.0, 8.0, 8.0, 8.0, 10.0, 8.0, 8.0, 7, 1, 530
299.0, 299.0, 8.0, 8.0, 9.0, 8.0, 9.0, 7, 1, 604
299.0, 299.0, 9.0, 8.0, 9.0, 9.0, 10.0, 12, 1, 641
9.0, 299.0, 299.0, 299.0, 299.0, 9.0, 9.0, 7, 1, 644
10.0, 10.0, 9.0, 8.0, 8.0, 8.0, 9.0, 7, 1, 651
8.0, 8.0, 9.0, 8.0, 8.0, 299.0, 8.0, 7, 1, 663
9.0, 8.0, 9.0, 8.0, 9.0, 9.0, 10.0, 7, 1, 668
299.0, 299.0, 8.0, 9.0, 8.0, 9.0, 9.0, 7, 1, 715
299.0, 299.0, 299.0, 8.0, 299.0, 299.0, 8.0, 7, 1, 720
8.0, 299.0, 299.0, 8.0, 8.0, 9.0, 9.0, 7, 1, 738
8.0, 9.0, 8.0, 9.0, 9.0, 8.0, 10.0, 7, 1, 742
8.0, 9.0, 9.0, 9.0, 8.0, 9.0, 8.0, 7, 1, 833
10.0, 299.0, 8.0, 8.0, 9.0, 8.0, 10.0, 7, 1, 863
8.0, 299.0, 8.0, 8.0, 8.0, 299.0, 10.0, 6, 1, 34
299.0, 8.0, 8.0, 299.0, 9.0, 8.0, 8.0, 6, 1, 215
8.0, 299.0, 8.0, 10.0, 10.0, 8.0, 10.0, 6, 1, 352
8.0, 299.0, 10.0, 9.0, 8.0, 9.0, 9.0, 6, 1, 376
9.0, 299.0, 8.0, 299.0, 299.0, 8.0, 8.0, 6, 1, 404
9.0, 299.0, 8.0, 299.0, 299.0, 299.0, 10.0, 6, 0, 667
299.0, 8.0, 299.0, 8.0, 8.0, 8.0, 8.0, 6, 0, 21
299.0, 10.0, 8.0, 9.0, 8.0, 8.0, 8.0, 6, 0, 68
299.0, 10.0, 8.0, 10.0, 8.0, 8.0, 10.0, 6, 0, 517
10.0, 10.0, 8.0, 10.0, 8.0, 8.0, 8.0, 6, 0, 193
8.0, 8.0, 10.0, 9.0, 8.0, 9.0, 10.0, 6, 0, 223
299.0, 299.0, 299.0, 9.0, 9.0, 8.0, 9.0, 6, 0, 54
9.0, 8.0, 8.0, 8.0, 10.0, 8.0, 10.0, 6, 0, 344
8.0, 299.0, 9.0, 8.0, 9.0, 8.0, 8.0, 6, 0, 102
8.0, 299.0, 9.0, 8.0, 10.0, 10.0, 8.0, 6, 0, 699
8.0, 9.0, 8.0, 8.0, 8.0, 9.0, 10.0, 6, 0, 123
9.0, 9.0, 10.0, 8.0, 9.0, 8.0, 8.0, 6, 0, 235
8.0, 8.0, 299.0, 8.0, 8.0, 299.0, 8.0, 5, 0, 25
299.0, 8.0, 8.0, 299.0, 8.0, 299.0, 8.0, 5, 0, 158
8.0, 8.0, 9.0, 299.0, 8.0, 9.0, 8.0, 5, 0, 65
299.0, 299.0, 8.0, 9.0, 299.0, 8.0, 9.0, 5, 0, 710
8.0, 8.0, 8.0, 299.0, 8.0, 8.0, 9.0, 5, 0, 37
8.0, 8.0, 8.0, 299.0, 299.0, 299.0, 9.0, 5, 0, 53
299.0, 8.0, 8.0, 299.0, 8.0, 10.0, 8.0, 5, 0, 141
8.0, 299.0, 299.0, 299.0, 9.0, 8.0, 10.0, 5, 0, 180
10.0, 10.0, 10.0, 299.0, 8.0, 9.0, 10.0, 5, 0, 504
10.0, 8.0, 8.0, 299.0, 299.0, 299.0, 8.0, 5, 0, 53
299.0, 299.0, 10.0, 8.0, 8.0, 9.0, 8.0, 5, 0, 120
9.0, 299.0, 9.0, 8.0, 9.0, 9.0, 10.0, 5, 0, 641
10.0, 299.0, 299.0, 8.0, 8.0, 9.0, 9.0, 5, 0, 298
10.0, 299.0, 10.0, 9.0, 10.0, 10.0, 10.0, 5, 0, 851
8.0, 8.0, 9.0, 8.0, 299.0, 8.0, 8.0, 5, 0, 18
8.0, 8.0, 8.0, 10.0, 299.0, 9.0, 9.0, 5, 0, 110
10.0, 10.0, 8.0, 9.0, 8.0, 8.0, 8.0, 5, 0, 459
8.0, 299.0, 9.0, 299.0, 8.0, 8.0, 8.0, 5, 0, 270
9.0, 10.0, 8.0, 8.0, 8.0, 8.0, 8.0, 5, 0, 23
8.0, 299.0, 299.0, 299.0, 9.0, 9.0, 8.0, 4, 0, 9
10.0, 299.0, 299.0, 299.0, 9.0, 9.0, 8.0, 4, 0, 9
10.0, 299.0, 10.0, 8.0, 10.0, 8.0, 10.0, 4, 0, 622
8.0, 299.0, 299.0, 299.0, 8.0, 8.0, 9.0, 4, 0, 43
8.0, 9.0, 10.0, 299.0, 299.0, 8.0, 8.0, 4, 0, 244
299.0, 10.0, 8.0, 10.0, 8.0, 10.0, 8.0, 4, 0, 160
8.0, 299.0, 299.0, 9.0, 8.0, 9.0, 8.0, 4, 0, 199
8.0, 10.0, 8.0, 299.0, 299.0, 8.0, 8.0, 4, 0, 257
8.0, 10.0, 8.0, 299.0, 8.0, 8.0, 8.0, 4, 0, 6
9.0, 8.0, 8.0, 299.0, 9.0, 8.0, 9.0, 4, 0, 128
8.0, 10.0, 8.0, 299.0, 8.0, 9.0, 9.0, 4, 0, 528
8.0, 8.0, 299.0, 299.0, 8.0, 299.0, 8.0, 4, 0, 378
8.0, 8.0, 10.0, 299.0, 299.0, 9.0, 10.0, 4, 0, 224
299.0, 8.0, 9.0, 8.0, 8.0, 8.0, 10.0, 4, 0, 275
299.0, 8.0, 9.0, 9.0, 9.0, 9.0, 9.0, 4, 0, 767
8.0, 299.0, 9.0, 8.0, 9.0, 9.0, 8.0, 4, 0, 101
8.0, 8.0, 10.0, 299.0, 9.0, 8.0, 10.0, 4, 0, 71
8.0, 8.0, 8.0, 9.0, 299.0, 9.0, 8.0, 4, 0, 69
9.0, 8.0, 8.0, 299.0, 9.0, 8.0, 8.0, 4, 0, 130
8.0, 299.0, 8.0, 8.0, 8.0, 299.0, 8.0, 3, 0, 7
10.0, 8.0, 8.0, 299.0, 9.0, 9.0, 8.0, 3, 0, 506
299.0, 299.0, 299.0, 10.0, 8.0, 10.0, 8.0, 3, 0, 398
8.0, 299.0, 8.0, 8.0, 299.0, 299.0, 8.0, 3, 0, 129
10.0, 8.0, 8.0, 9.0, 8.0, 9.0, 8.0, 3, 0, 69
8.0, 8.0, 299.0, 8.0, 9.0, 8.0, 8.0, 3, 0, 26
299.0, 8.0, 8.0, 10.0, 8.0, 10.0, 8.0, 3, 0, 141
299.0, 299.0, 8.0, 10.0, 8.0, 8.0, 8.0, 3, 0, 4
8.0, 9.0, 8.0, 299.0, 8.0, 8.0, 8.0, 3, 0, 115
9.0, 9.0, 8.0, 9.0, 8.0, 8.0, 9.0, 3, 0, 36
299.0, 8.0, 299.0, 8.0, 299.0, 299.0, 8.0, 3, 0, 140
8.0, 299.0, 8.0, 299.0, 8.0, 8.0, 9.0, 3, 0, 45
10.0, 8.0, 8.0, 9.0, 9.0, 9.0, 10.0, 3, 0, 318
299.0, 299.0, 299.0, 9.0, 8.0, 9.0, 10.0, 3, 0, 199
8.0, 9.0, 8.0, 10.0, 8.0, 10.0, 10.0, 3, 0, 397
10.0, 10.0, 10.0, 299.0, 8.0, 8.0, 8.0, 3, 0, 179
8.0, 299.0, 299.0, 10.0, 8.0, 8.0, 8.0, 3, 0, 305
8.0, 10.0, 8.0, 299.0, 8.0, 8.0, 9.0, 3, 0, 490
10.0, 8.0, 10.0, 299.0, 8.0, 8.0, 8.0, 3, 0, 375
299.0, 10.0, 10.0, 299.0, 9.0, 9.0, 8.0, 3, 0, 499
10.0, 10.0, 10.0, 299.0, 8.0, 9.0, 9.0, 3, 0, 831
299.0, 8.0, 8.0, 299.0, 8.0, 9.0, 9.0, 3, 0, 42
10.0, 10.0, 10.0, 10.0, 8.0, 9.0, 9.0, 3, 0, 474
8.0, 8.0, 10.0, 299.0, 299.0, 10.0, 10.0, 3, 0, 91
8.0, 8.0, 9.0, 8.0, 299.0, 9.0, 8.0, 3, 0, 65
299.0, 10.0, 10.0, 8.0, 8.0, 8.0, 10.0, 3, 0, 594
299.0, 299.0, 8.0, 10.0, 8.0, 9.0, 8.0, 3, 0, 149
8.0, 8.0, 8.0, 9.0, 8.0, 10.0, 10.0, 3, 0, 438
299.0, 8.0, 10.0, 8.0, 8.0, 299.0, 8.0, 3, 0, 548
10.0, 10.0, 10.0, 8.0, 9.0, 8.0, 9.0, 3, 0, 769
8.0, 8.0, 9.0, 299.0, 299.0, 8.0, 10.0, 3, 0, 653
8.0, 8.0, 299.0, 299.0, 299.0, 9.0, 9.0, 3, 0, 328
8.0, 8.0, 299.0, 8.0, 8.0, 10.0, 8.0, 3, 0, 12
299.0, 299.0, 299.0, 299.0, 10.0, 10.0, 10.0, 3, 0, 900
8.0, 299.0, 8.0, 299.0, 299.0, 8.0, 10.0, 3, 0, 205
8.0, 299.0, 10.0, 9.0, 8.0, 8.0, 10.0, 3, 0, 377
8.0, 8.0, 9.0, 10.0, 8.0, 9.0, 9.0, 3, 0, 598
299.0, 299.0, 9.0, 299.0, 8.0, 8.0, 9.0, 3, 0, 43
8.0, 8.0, 9.0, 299.0, 299.0, 299.0, 8.0, 3, 0, 53
10.0, 299.0, 8.0, 8.0, 9.0, 10.0, 10.0, 3, 0, 845
10.0, 10.0, 10.0, 299.0, 10.0, 8.0, 10.0, 3, 0, 693
299.0, 299.0, 8.0, 8.0, 10.0, 8.0, 8.0, 2, 0, 4
299.0, 299.0, 299.0, 8.0, 299.0, 8.0, 8.0, 2, 0, 89
9.0, 8.0, 8.0, 299.0, 8.0, 299.0, 8.0, 2, 0, 133
10.0, 10.0, 8.0, 8.0, 8.0, 8.0, 10.0, 2, 0, 290
10.0, 299.0, 299.0, 10.0, 8.0, 8.0, 8.0, 2, 0, 194
299.0, 299.0, 299.0, 9.0, 8.0, 299.0, 8.0, 2, 0, 202
299.0, 8.0, 10.0, 10.0, 9.0, 8.0, 8.0, 2, 0, 218
10.0, 8.0, 299.0, 299.0, 9.0, 8.0, 8.0, 2, 0, 208
299.0, 9.0, 9.0, 8.0, 8.0, 9.0, 8.0, 2, 0, 254
299.0, 10.0, 9.0, 8.0, 8.0, 8.0, 8.0, 2, 0, 275
8.0, 10.0, 8.0, 10.0, 8.0, 10.0, 8.0, 2, 0, 138
8.0, 299.0, 8.0, 299.0, 299.0, 9.0, 9.0, 2, 0, 328
10.0, 299.0, 10.0, 8.0, 8.0, 9.0, 8.0, 2, 0, 366
299.0, 299.0, 299.0, 8.0, 9.0, 299.0, 8.0, 2, 0, 27
8.0, 299.0, 8.0, 10.0, 8.0, 10.0, 10.0, 2, 0, 397
8.0, 8.0, 299.0, 9.0, 8.0, 9.0, 8.0, 2, 0, 69
10.0, 10.0, 10.0, 299.0, 8.0, 9.0, 8.0, 2, 0, 707
299.0, 8.0, 299.0, 299.0, 9.0, 8.0, 9.0, 2, 0, 54
8.0, 10.0, 8.0, 299.0, 9.0, 8.0, 10.0, 2, 0, 490
299.0, 9.0, 299.0, 299.0, 299.0, 8.0, 8.0, 2, 0, 116
299.0, 10.0, 8.0, 299.0, 299.0, 8.0, 8.0, 2, 0, 312
299.0, 299.0, 8.0, 299.0, 299.0, 9.0, 8.0, 2, 0, 11
8.0, 299.0, 8.0, 299.0, 299.0, 9.0, 8.0, 2, 0, 361
8.0, 299.0, 8.0, 10.0, 8.0, 8.0, 10.0, 2, 0, 30
299.0, 8.0, 10.0, 299.0, 299.0, 299.0, 8.0, 2, 0, 59
299.0, 299.0, 8.0, 299.0, 299.0, 8.0, 10.0, 2, 0, 163
8.0, 299.0, 299.0, 8.0, 8.0, 299.0, 8.0, 2, 0, 305
8.0, 8.0, 9.0, 8.0, 299.0, 299.0, 8.0, 2, 0, 129
10.0, 9.0, 8.0, 8.0, 8.0, 8.0, 9.0, 2, 0, 278
8.0, 8.0, 9.0, 299.0, 299.0, 8.0, 8.0, 2, 0, 257
299.0, 299.0, 299.0, 8.0, 9.0, 9.0, 8.0, 2, 0, 120
8.0, 8.0, 8.0, 8.0, 299.0, 8.0, 10.0, 2, 0, 33
8.0, 8.0, 8.0, 9.0, 8.0, 299.0, 8.0, 2, 0, 5
8.0, 299.0, 9.0, 8.0, 8.0, 8.0, 10.0, 2, 0, 187
299.0, 299.0, 299.0, 8.0, 299.0, 8.0, 10.0, 2, 0, 163
8.0, 8.0, 9.0, 9.0, 299.0, 8.0, 8.0, 2, 0, 85
9.0, 8.0, 299.0, 299.0, 8.0, 8.0, 8.0, 2, 0, 378
9.0, 8.0, 299.0, 299.0, 299.0, 299.0, 8.0, 2, 0, 291
9.0, 9.0, 8.0, 8.0, 10.0, 8.0, 8.0, 2, 0, 241
9.0, 8.0, 9.0, 8.0, 8.0, 10.0, 9.0, 2, 0, 164
8.0, 8.0, 9.0, 299.0, 299.0, 9.0, 8.0, 2, 0, 447
8.0, 8.0, 9.0, 299.0, 8.0, 8.0, 8.0, 2, 0, 18
8.0, 299.0, 8.0, 299.0, 8.0, 8.0, 8.0, 2, 0, 7
8.0, 299.0, 10.0, 299.0, 10.0, 8.0, 10.0, 2, 0, 906
299.0, 8.0, 8.0, 299.0, 299.0, 9.0, 9.0, 1, 0, 456
8.0, 8.0, 8.0, 10.0, 8.0, 299.0, 9.0, 1, 0, 399
9.0, 299.0, 8.0, 299.0, 8.0, 9.0, 8.0, 1, 0, 83
299.0, 299.0, 8.0, 299.0, 8.0, 9.0, 8.0, 1, 0, 197
8.0, 8.0, 299.0, 299.0, 299.0, 9.0, 8.0, 1, 0, 361
299.0, 10.0, 8.0, 8.0, 8.0, 9.0, 9.0, 1, 0, 42
299.0, 8.0, 9.0, 299.0, 8.0, 9.0, 8.0, 1, 0, 436
299.0, 299.0, 8.0, 299.0, 8.0, 299.0, 8.0, 1, 0, 561
10.0, 10.0, 299.0, 299.0, 299.0, 8.0, 10.0, 1, 0, 623
10.0, 8.0, 10.0, 299.0, 9.0, 9.0, 8.0, 1, 0, 610
299.0, 8.0, 10.0, 10.0, 8.0, 8.0, 10.0, 1, 0, 170
10.0, 8.0, 10.0, 8.0, 10.0, 8.0, 9.0, 1, 0, 535
8.0, 299.0, 299.0, 299.0, 9.0, 299.0, 8.0, 1, 0, 210
10.0, 8.0, 10.0, 299.0, 8.0, 8.0, 10.0, 1, 0, 170
10.0, 299.0, 299.0, 299.0, 9.0, 8.0, 8.0, 1, 0, 22
9.0, 8.0, 10.0, 8.0, 8.0, 9.0, 10.0, 1, 0, 172
10.0, 8.0, 299.0, 10.0, 9.0, 8.0, 8.0, 1, 0, 207
299.0, 8.0, 10.0, 299.0, 9.0, 8.0, 8.0, 1, 0, 242
8.0, 8.0, 8.0, 9.0, 299.0, 8.0, 9.0, 1, 0, 48
8.0, 10.0, 299.0, 299.0, 8.0, 8.0, 8.0, 1, 0, 422
8.0, 10.0, 299.0, 8.0, 8.0, 8.0, 8.0, 1, 0, 176
299.0, 9.0, 9.0, 8.0, 10.0, 9.0, 8.0, 1, 0, 274
8.0, 299.0, 299.0, 8.0, 299.0, 299.0, 8.0, 1, 0, 210
299.0, 299.0, 299.0, 10.0, 8.0, 8.0, 9.0, 1, 0, 323
10.0, 8.0, 299.0, 8.0, 10.0, 8.0, 8.0, 1, 0, 763
10.0, 8.0, 299.0, 8.0, 8.0, 8.0, 8.0, 1, 0, 63
10.0, 8.0, 299.0, 299.0, 8.0, 299.0, 8.0, 1, 0, 378
9.0, 10.0, 8.0, 10.0, 8.0, 8.0, 8.0, 1, 0, 289
8.0, 299.0, 299.0, 299.0, 8.0, 299.0, 8.0, 1, 0, 422
10.0, 10.0, 10.0, 299.0, 299.0, 8.0, 8.0, 1, 0, 179
9.0, 299.0, 8.0, 9.0, 299.0, 299.0, 9.0, 1, 0, 358
10.0, 299.0, 299.0, 9.0, 8.0, 9.0, 9.0, 1, 0, 369
8.0, 8.0, 8.0, 8.0, 299.0, 10.0, 8.0, 1, 0, 12
9.0, 8.0, 8.0, 9.0, 10.0, 9.0, 8.0, 1, 0, 80
8.0, 299.0, 8.0, 10.0, 299.0, 8.0, 8.0, 1, 0, 462
9.0, 299.0, 8.0, 299.0, 9.0, 8.0, 8.0, 1, 0, 680
8.0, 9.0, 8.0, 299.0, 299.0, 8.0, 9.0, 1, 0, 70
8.0, 299.0, 9.0, 8.0, 299.0, 8.0, 8.0, 1, 0, 270
299.0, 8.0, 8.0, 8.0, 8.0, 10.0, 10.0, 1, 0, 148
8.0, 9.0, 8.0, 299.0, 9.0, 8.0, 8.0, 1, 0, 182
299.0, 8.0, 8.0, 8.0, 299.0, 299.0, 10.0, 1, 0, 140
8.0, 10.0, 8.0, 299.0, 8.0, 10.0, 8.0, 1, 0, 581
8.0, 10.0, 8.0, 8.0, 9.0, 299.0, 8.0, 1, 0, 272
8.0, 10.0, 8.0, 8.0, 9.0, 9.0, 8.0, 1, 0, 13
8.0, 8.0, 8.0, 299.0, 8.0, 10.0, 8.0, 1, 0, 12
299.0, 10.0, 10.0, 10.0, 8.0, 9.0, 10.0, 1, 0, 474
8.0, 8.0, 9.0, 9.0, 8.0, 299.0, 8.0, 1, 0, 85
10.0, 10.0, 8.0, 299.0, 9.0, 8.0, 10.0, 1, 0, 480
9.0, 8.0, 8.0, 8.0, 299.0, 9.0, 8.0, 1, 0, 24
299.0, 8.0, 8.0, 299.0, 9.0, 9.0, 10.0, 1, 0, 506
8.0, 8.0, 8.0, 299.0, 9.0, 8.0, 10.0, 1, 0, 109
8.0, 8.0, 8.0, 299.0, 9.0, 9.0, 8.0, 1, 0, 13
8.0, 8.0, 10.0, 299.0, 8.0, 8.0, 8.0, 1, 0, 232
299.0, 10.0, 10.0, 10.0, 8.0, 9.0, 9.0, 1, 0, 534
299.0, 10.0, 8.0, 299.0, 8.0, 9.0, 9.0, 1, 0, 534
8.0, 8.0, 299.0, 299.0, 299.0, 9.0, 10.0, 1, 0, 653
8.0, 8.0, 299.0, 8.0, 8.0, 9.0, 10.0, 1, 0, 123
8.0, 299.0, 299.0, 8.0, 8.0, 9.0, 8.0, 1, 0, 31
299.0, 8.0, 8.0, 299.0, 8.0, 299.0, 10.0, 1, 0, 148
299.0, 8.0, 8.0, 8.0, 299.0, 9.0, 10.0, 1, 0, 565
299.0, 8.0, 299.0, 299.0, 8.0, 299.0, 8.0, 1, 0, 249
299.0, 8.0, 10.0, 299.0, 299.0, 10.0, 10.0, 1, 0, 570
299.0, 8.0, 10.0, 299.0, 299.0, 8.0, 8.0, 1, 0, 312
10.0, 8.0, 8.0, 9.0, 8.0, 9.0, 10.0, 1, 0, 223
9.0, 8.0, 299.0, 8.0, 8.0, 8.0, 8.0, 1, 0, 23
299.0, 299.0, 8.0, 8.0, 299.0, 299.0, 8.0, 1, 0, 561
8.0, 8.0, 10.0, 8.0, 299.0, 8.0, 10.0, 1, 0, 444
9.0, 299.0, 299.0, 299.0, 299.0, 8.0, 10.0, 1, 0, 163
9.0, 8.0, 8.0, 299.0, 299.0, 8.0, 10.0, 1, 0, 667
9.0, 8.0, 8.0, 8.0, 10.0, 10.0, 10.0, 1, 0, 697
9.0, 8.0, 9.0, 9.0, 9.0, 9.0, 9.0, 1, 0, 767
299.0, 8.0, 299.0, 299.0, 8.0, 9.0, 8.0, 1, 0, 197
8.0, 8.0, 8.0, 9.0, 9.0, 9.0, 10.0, 1, 0, 88
299.0, 8.0, 9.0, 9.0, 9.0, 8.0, 10.0, 1, 0, 633
299.0, 299.0, 9.0, 8.0, 9.0, 8.0, 9.0, 1, 0, 654
299.0, 299.0, 299.0, 9.0, 299.0, 299.0, 9.0, 1, 0, 294
299.0, 8.0, 8.0, 9.0, 10.0, 8.0, 8.0, 1, 0, 68
8.0, 8.0, 299.0, 8.0, 299.0, 299.0, 8.0, 1, 0, 129
9.0, 8.0, 8.0, 9.0, 8.0, 299.0, 8.0, 1, 0, 61
299.0, 299.0, 9.0, 8.0, 8.0, 299.0, 8.0, 1, 0, 20
299.0, 8.0, 9.0, 9.0, 299.0, 8.0, 8.0, 1, 0, 835
299.0, 299.0, 299.0, 8.0, 8.0, 10.0, 8.0, 1, 0, 89
299.0, 299.0, 8.0, 8.0, 8.0, 299.0, 10.0, 1, 0, 595
299.0, 299.0, 299.0, 299.0, 10.0, 299.0, 10.0, 1, 0, 410
10.0, 299.0, 299.0, 299.0, 299.0, 299.0, 8.0, 1, 0, 8
10.0, 299.0, 8.0, 9.0, 8.0, 9.0, 9.0, 1, 0, 41
9.0, 9.0, 8.0, 8.0, 8.0, 299.0, 8.0, 1, 0, 445
10.0, 299.0, 10.0, 8.0, 8.0, 299.0, 10.0, 1, 0, 622
9.0, 299.0, 8.0, 9.0, 9.0, 8.0, 9.0, 1, 0, 58
10.0, 10.0, 9.0, 299.0, 8.0, 8.0, 10.0, 1, 0, 490
10.0, 299.0, 10.0, 9.0, 8.0, 8.0, 10.0, 1, 0, 622
8.0, 8.0, 10.0, 299.0, 8.0, 8.0, 10.0, 1, 0, 444
8.0, 299.0, 8.0, 8.0, 299.0, 8.0, 10.0, 1, 0, 30
9.0, 299.0, 299.0, 8.0, 9.0, 8.0, 8.0, 1, 0, 27
299.0, 8.0, 299.0, 8.0, 8.0, 9.0, 8.0, 1, 0, 55
9.0, 8.0, 9.0, 10.0, 9.0, 8.0, 9.0, 1, 0, 421
9.0, 8.0, 9.0, 8.0, 299.0, 8.0, 9.0, 1, 0, 164
9.0, 8.0, 9.0, 9.0, 299.0, 8.0, 9.0, 1, 0, 336
8.0, 8.0, 8.0, 9.0, 299.0, 299.0, 8.0, 1, 0, 129
9.0, 8.0, 9.0, 299.0, 8.0, 8.0, 9.0, 1, 0, 164
299.0, 8.0, 8.0, 299.0, 8.0, 299.0, 9.0, 1, 0, 395
9.0, 299.0, 8.0, 299.0, 8.0, 8.0, 9.0, 1, 0, 351
9.0, 8.0, 10.0, 9.0, 8.0, 8.0, 9.0, 1, 0, 36
9.0, 8.0, 10.0, 9.0, 8.0, 9.0, 9.0, 1, 0, 165
9.0, 9.0, 10.0, 8.0, 8.0, 8.0, 9.0, 1, 0, 442
8.0, 10.0, 9.0, 9.0, 10.0, 8.0, 8.0, 1, 0, 839
10.0, 10.0, 10.0, 8.0, 299.0, 8.0, 8.0, 1, 0, 179
10.0, 10.0, 10.0, 9.0, 8.0, 8.0, 10.0, 1, 0, 168
10.0, 299.0, 10.0, 8.0, 8.0, 9.0, 10.0, 1, 0, 622
299.0, 299.0, 9.0, 9.0, 8.0, 8.0, 8.0, 1, 0, 202
8.0, 9.0, 8.0, 8.0, 299.0, 8.0, 9.0, 1, 0, 278
8.0, 9.0, 8.0, 8.0, 299.0, 8.0, 8.0, 1, 0, 115
8.0, 8.0, 299.0, 8.0, 8.0, 9.0, 8.0, 1, 0, 10
8.0, 8.0, 299.0, 8.0, 299.0, 8.0, 8.0, 1, 0, 52
8.0, 299.0, 8.0, 8.0, 10.0, 8.0, 8.0, 1, 0, 7
299.0, 8.0, 299.0, 8.0, 8.0, 299.0, 8.0, 1, 0, 28
299.0, 299.0, 8.0, 299.0, 8.0, 8.0, 9.0, 1, 0, 181
8.0, 8.0, 299.0, 299.0, 9.0, 9.0, 8.0, 1, 0, 208
8.0, 299.0, 299.0, 299.0, 8.0, 9.0, 8.0, 1, 0, 197
299.0, 299.0, 8.0, 299.0, 9.0, 8.0, 8.0, 1, 0, 22
8.0, 8.0, 299.0, 299.0, 299.0, 299.0, 8.0, 1, 0, 53
299.0, 299.0, 10.0, 299.0, 10.0, 8.0, 10.0, 1, 0, 828
10.0, 299.0, 10.0, 299.0, 10.0, 8.0, 10.0, 1, 0, 622
