cba , Rotation, Num_Pixels, Area_ha
301, 8.0, 8.0, 8.0, 8.0, 8.0, 8.0, 8.0, 289866, 
302, 8.0, 8.0, 8.0, 8.0, 8.0, 9.0, 8.0, 34301, 
303, 8.0, 8.0, 8.0, 9.0, 8.0, 8.0, 8.0, 33875, 
304, 299.0, 8.0, 8.0, 8.0, 8.0, 8.0, 8.0, 21546, 
305, 8.0, 8.0, 8.0, 8.0, 9.0, 8.0, 8.0, 20954, 
306, 8.0, 8.0, 9.0, 8.0, 8.0, 8.0, 8.0, 15374, 
307, 8.0, 8.0, 8.0, 8.0, 8.0, 8.0, 9.0, 15255, 
308, 9.0, 8.0, 8.0, 8.0, 8.0, 8.0, 8.0, 12536, 
309, 8.0, 8.0, 8.0, 9.0, 8.0, 9.0, 8.0, 6243, 
310, 8.0, 8.0, 9.0, 8.0, 8.0, 9.0, 8.0, 5493, 
311, 8.0, 8.0, 8.0, 9.0, 8.0, 8.0, 9.0, 4746, 
312, 8.0, 8.0, 8.0, 8.0, 8.0, 8.0, 10.0, 3960, 
313, 9.0, 8.0, 8.0, 8.0, 8.0, 9.0, 8.0, 3797, 
314, 9.0, 8.0, 8.0, 9.0, 8.0, 8.0, 8.0, 3418, 
315, 299.0, 299.0, 299.0, 299.0, 8.0, 8.0, 8.0, 3224, 
316, 299.0, 299.0, 299.0, 8.0, 8.0, 8.0, 8.0, 2960, 
317, 299.0, 8.0, 8.0, 8.0, 8.0, 9.0, 8.0, 2934, 
318, 8.0, 9.0, 8.0, 8.0, 8.0, 8.0, 8.0, 2675, 
319, 9.0, 8.0, 8.0, 8.0, 9.0, 8.0, 8.0, 2574, 
320, 299.0, 299.0, 299.0, 299.0, 299.0, 8.0, 8.0, 2388, 
321, 8.0, 8.0, 8.0, 8.0, 9.0, 9.0, 8.0, 2380, 
322, 299.0, 299.0, 8.0, 8.0, 8.0, 8.0, 8.0, 2232, 
323, 8.0, 8.0, 8.0, 8.0, 8.0, 9.0, 9.0, 2191, 
324, 8.0, 8.0, 9.0, 8.0, 8.0, 8.0, 9.0, 2175, 
325, 8.0, 8.0, 9.0, 8.0, 9.0, 8.0, 8.0, 2086, 
326, 9.0, 8.0, 8.0, 8.0, 8.0, 8.0, 9.0, 2033, 
327, 9.0, 8.0, 8.0, 9.0, 8.0, 8.0, 9.0, 2030, 
328, 8.0, 4.0, 8.0, 8.0, 8.0, 8.0, 8.0, 1941, 
329, 9.0, 8.0, 8.0, 9.0, 8.0, 9.0, 8.0, 1799, 
330, 8.0, 8.0, 8.0, 8.0, 9.0, 8.0, 9.0, 1798, 
331, 299.0, 8.0, 8.0, 9.0, 8.0, 8.0, 8.0, 1707, 
332, 8.0, 8.0, 9.0, 9.0, 8.0, 8.0, 8.0, 1707, 
333, 299.0, 8.0, 8.0, 8.0, 9.0, 8.0, 8.0, 1655, 
348, 8.0, 8.0, 8.0, 9.0, 9.0, 8.0, 8.0, 1509, 
334, 299.0, 8.0, 8.0, 8.0, 8.0, 8.0, 9.0, 1418, 
335, 8.0, 8.0, 8.0, 8.0, 10.0, 8.0, 8.0, 1326, 
336, 8.0, 8.0, 10.0, 8.0, 8.0, 8.0, 8.0, 1242, 
337, 8.0, 8.0, 8.0, 8.0, 8.0, 10.0, 8.0, 1202, 
338, 8.0, 8.0, 9.0, 9.0, 8.0, 9.0, 8.0, 1043, 
339, 9.0, 8.0, 9.0, 8.0, 8.0, 8.0, 8.0, 1028, 
340, 8.0, 8.0, 8.0, 8.0, 8.0, 9.0, 10.0, 1006, 
341, 8.0, 8.0, 8.0, 10.0, 8.0, 8.0, 8.0, 967, 
342, 299.0, 299.0, 299.0, 299.0, 299.0, 9.0, 8.0, 863, 
446, 8.0, 8.0, 8.0, 9.0, 8.0, 8.0, 10.0, 844, 
343, 8.0, 9.0, 8.0, 8.0, 9.0, 8.0, 8.0, 835, 
344, 8.0, 9.0, 8.0, 8.0, 8.0, 9.0, 8.0, 833, 
345, 8.0, 8.0, 8.0, 9.0, 9.0, 9.0, 8.0, 811, 
346, 8.0, 8.0, 8.0, 8.0, 9.0, 10.0, 8.0, 791, 
347, 9.0, 8.0, 9.0, 8.0, 8.0, 9.0, 8.0, 741, 
348, 8.0, 8.0, 8.0, 299.0, 8.0, 8.0, 8.0, 718, 
349, 8.0, 10.0, 8.0, 8.0, 8.0, 8.0, 8.0, 707, 
350, 299.0, 8.0, 9.0, 8.0, 8.0, 8.0, 8.0, 652, 
351, 8.0, 8.0, 8.0, 9.0, 9.0, 8.0, 9.0, 644, 
352, 8.0, 9.0, 8.0, 8.0, 8.0, 8.0, 9.0, 604, 
353, 8.0, 4.0, 8.0, 8.0, 8.0, 9.0, 8.0, 603, 
354, 8.0, 8.0, 9.0, 8.0, 9.0, 8.0, 9.0, 589, 
355, 299.0, 8.0, 8.0, 8.0, 8.0, 8.0, 10.0, 575, 
356, 299.0, 299.0, 299.0, 299.0, 9.0, 8.0, 8.0, 542, 
357, 9.0, 8.0, 8.0, 8.0, 8.0, 8.0, 10.0, 525, 
358, 8.0, 8.0, 8.0, 9.0, 8.0, 9.0, 9.0, 503, 
359, 299.0, 299.0, 299.0, 299.0, 299.0, 8.0, 9.0, 478, 
360, 299.0, 8.0, 8.0, 9.0, 8.0, 9.0, 8.0, 471, 
361, 10.0, 8.0, 8.0, 8.0, 8.0, 8.0, 8.0, 450, 
362, 8.0, 8.0, 8.0, 8.0, 9.0, 8.0, 10.0, 433, 
363, 9.0, 8.0, 8.0, 8.0, 9.0, 8.0, 9.0, 416, 
364, 299.0, 8.0, 8.0, 8.0, 8.0, 9.0, 9.0, 410, 
365, 299.0, 299.0, 299.0, 9.0, 8.0, 8.0, 8.0, 408, 
366, 9.0, 8.0, 8.0, 8.0, 9.0, 9.0, 8.0, 408, 
367, 299.0, 8.0, 8.0, 8.0, 8.0, 10.0, 8.0, 404, 
368, 299.0, 8.0, 8.0, 9.0, 8.0, 8.0, 9.0, 397, 
369, 8.0, 8.0, 8.0, 10.0, 8.0, 9.0, 8.0, 385, 
370, 8.0, 4.0, 8.0, 8.0, 9.0, 8.0, 8.0, 359, 
472, 9.0, 8.0, 8.0, 9.0, 8.0, 8.0, 10.0, 344, 
371, 8.0, 8.0, 8.0, 299.0, 299.0, 8.0, 8.0, 329, 
372, 8.0, 8.0, 8.0, 9.0, 8.0, 10.0, 8.0, 327, 
373, 8.0, 8.0, 8.0, 9.0, 8.0, 9.0, 10.0, 321, 
374, 299.0, 299.0, 299.0, 299.0, 299.0, 8.0, 10.0, 319, 
375, 299.0, 8.0, 8.0, 8.0, 10.0, 8.0, 8.0, 299, 
376, 299.0, 299.0, 299.0, 8.0, 8.0, 8.0, 9.0, 290, 
625, 8.0, 8.0, 9.0, 8.0, 8.0, 9.0, 9.0, 273, 
377, 299.0, 299.0, 299.0, 299.0, 299.0, 299.0, 8.0, 270, 
378, 8.0, 4.0, 8.0, 9.0, 8.0, 8.0, 8.0, 265, 
379, 9.0, 8.0, 8.0, 8.0, 8.0, 10.0, 8.0, 265, 
380, 8.0, 8.0, 8.0, 8.0, 10.0, 9.0, 8.0, 264, 
381, 9.0, 8.0, 8.0, 9.0, 9.0, 8.0, 9.0, 259, 
382, 299.0, 299.0, 299.0, 8.0, 8.0, 9.0, 8.0, 259, 
383, 299.0, 299.0, 299.0, 299.0, 8.0, 9.0, 8.0, 254, 
471, 9.0, 8.0, 8.0, 8.0, 8.0, 9.0, 9.0, 252, 
384, 8.0, 8.0, 10.0, 8.0, 8.0, 9.0, 8.0, 242, 
385, 9.0, 8.0, 8.0, 9.0, 8.0, 9.0, 9.0, 242, 
386, 10.0, 8.0, 10.0, 10.0, 8.0, 8.0, 8.0, 242, 
387, 9.0, 8.0, 8.0, 9.0, 9.0, 9.0, 8.0, 235, 
388, 8.0, 299.0, 299.0, 8.0, 8.0, 8.0, 8.0, 230, 
436, 9.0, 8.0, 9.0, 8.0, 9.0, 8.0, 8.0, 229, 
389, 8.0, 8.0, 8.0, 10.0, 8.0, 10.0, 8.0, 225, 
390, 299.0, 299.0, 299.0, 8.0, 9.0, 8.0, 8.0, 223, 
391, 8.0, 10.0, 8.0, 8.0, 9.0, 8.0, 8.0, 220, 
392, 9.0, 8.0, 9.0, 8.0, 8.0, 8.0, 9.0, 219, 
393, 299.0, 299.0, 9.0, 8.0, 8.0, 8.0, 8.0, 218, 
394, 8.0, 8.0, 9.0, 8.0, 8.0, 8.0, 10.0, 216, 
395, 299.0, 299.0, 299.0, 299.0, 8.0, 8.0, 9.0, 215, 
615, 8.0, 8.0, 9.0, 9.0, 9.0, 8.0, 8.0, 214, 
396, 8.0, 9.0, 8.0, 9.0, 8.0, 9.0, 8.0, 211, 
397, 299.0, 8.0, 8.0, 8.0, 9.0, 8.0, 9.0, 207, 
398, 8.0, 9.0, 8.0, 9.0, 8.0, 8.0, 8.0, 206, 
429, 9.0, 8.0, 9.0, 8.0, 9.0, 8.0, 9.0, 206, 
461, 8.0, 8.0, 10.0, 8.0, 8.0, 8.0, 9.0, 205, 
885, 299.0, 299.0, 8.0, 9.0, 8.0, 8.0, 8.0, 204, 
766, 299.0, 299.0, 8.0, 8.0, 8.0, 8.0, 9.0, 199, 
458, 8.0, 8.0, 8.0, 8.0, 9.0, 9.0, 10.0, 198, 
858, 8.0, 10.0, 8.0, 9.0, 8.0, 9.0, 8.0, 196, 
399, 9.0, 8.0, 10.0, 8.0, 8.0, 8.0, 8.0, 193, 
400, 9.0, 8.0, 9.0, 8.0, 8.0, 9.0, 10.0, 191, 
401, 9.0, 8.0, 8.0, 8.0, 10.0, 8.0, 8.0, 190, 
402, 299.0, 299.0, 299.0, 9.0, 8.0, 9.0, 8.0, 189, 
453, 8.0, 8.0, 10.0, 8.0, 8.0, 8.0, 10.0, 185, 
403, 10.0, 8.0, 10.0, 8.0, 8.0, 8.0, 8.0, 184, 
404, 9.0, 4.0, 8.0, 9.0, 8.0, 9.0, 8.0, 179, 
405, 8.0, 4.0, 8.0, 8.0, 8.0, 8.0, 9.0, 177, 
406, 8.0, 8.0, 9.0, 9.0, 8.0, 10.0, 8.0, 177, 
464, 8.0, 8.0, 8.0, 4.0, 8.0, 8.0, 8.0, 176, 
699, 8.0, 8.0, 9.0, 8.0, 8.0, 9.0, 10.0, 173, 
448, 8.0, 299.0, 8.0, 8.0, 8.0, 8.0, 8.0, 172, 
891, 8.0, 9.0, 8.0, 8.0, 9.0, 9.0, 8.0, 172, 
407, 299.0, 299.0, 299.0, 299.0, 9.0, 9.0, 8.0, 164, 
408, 8.0, 9.0, 9.0, 8.0, 8.0, 9.0, 8.0, 164, 
622, 299.0, 299.0, 8.0, 8.0, 8.0, 8.0, 10.0, 164, 
454, 9.0, 9.0, 8.0, 8.0, 8.0, 8.0, 8.0, 163, 
409, 10.0, 8.0, 8.0, 8.0, 8.0, 8.0, 10.0, 162, 
727, 299.0, 8.0, 9.0, 8.0, 8.0, 8.0, 9.0, 161, 
410, 299.0, 8.0, 8.0, 9.0, 8.0, 8.0, 10.0, 160, 
411, 9.0, 8.0, 9.0, 8.0, 10.0, 8.0, 8.0, 159, 
412, 9.0, 8.0, 9.0, 9.0, 8.0, 8.0, 9.0, 158, 
413, 299.0, 8.0, 8.0, 8.0, 9.0, 9.0, 8.0, 157, 
616, 299.0, 8.0, 8.0, 9.0, 8.0, 9.0, 10.0, 157, 
524, 10.0, 10.0, 10.0, 4.0, 9.0, 9.0, 10.0, 151, 
414, 299.0, 4.0, 8.0, 8.0, 8.0, 8.0, 8.0, 149, 
415, 8.0, 9.0, 8.0, 9.0, 8.0, 8.0, 9.0, 149, 
855, 8.0, 9.0, 8.0, 8.0, 9.0, 8.0, 9.0, 149, 
416, 299.0, 8.0, 8.0, 9.0, 8.0, 10.0, 8.0, 145, 
417, 8.0, 8.0, 9.0, 9.0, 8.0, 8.0, 9.0, 145, 
418, 299.0, 299.0, 299.0, 299.0, 9.0, 8.0, 9.0, 144, 
419, 299.0, 299.0, 8.0, 8.0, 8.0, 9.0, 8.0, 144, 
488, 10.0, 10.0, 10.0, 10.0, 8.0, 9.0, 10.0, 142, 
560, 8.0, 10.0, 8.0, 8.0, 8.0, 8.0, 10.0, 141, 
420, 8.0, 8.0, 10.0, 8.0, 10.0, 8.0, 8.0, 140, 
466, 9.0, 8.0, 8.0, 8.0, 8.0, 9.0, 10.0, 140, 
421, 8.0, 9.0, 9.0, 8.0, 8.0, 8.0, 8.0, 139, 
422, 299.0, 8.0, 8.0, 8.0, 9.0, 8.0, 10.0, 137, 
423, 9.0, 8.0, 9.0, 9.0, 8.0, 8.0, 8.0, 137, 
424, 10.0, 8.0, 10.0, 8.0, 8.0, 10.0, 8.0, 135, 
425, 8.0, 8.0, 8.0, 10.0, 8.0, 8.0, 9.0, 134, 
850, 9.0, 8.0, 9.0, 9.0, 8.0, 10.0, 8.0, 134, 
426, 8.0, 8.0, 10.0, 8.0, 9.0, 8.0, 8.0, 133, 
427, 9.0, 8.0, 8.0, 8.0, 9.0, 8.0, 10.0, 133, 
808, 8.0, 8.0, 9.0, 9.0, 9.0, 9.0, 9.0, 131, 
428, 10.0, 8.0, 8.0, 10.0, 8.0, 8.0, 8.0, 130, 
429, 8.0, 8.0, 10.0, 8.0, 8.0, 10.0, 8.0, 126, 
430, 8.0, 10.0, 8.0, 10.0, 8.0, 8.0, 8.0, 126, 
495, 10.0, 10.0, 8.0, 8.0, 9.0, 8.0, 10.0, 126, 
431, 9.0, 8.0, 9.0, 9.0, 8.0, 9.0, 8.0, 125, 
646, 8.0, 8.0, 8.0, 9.0, 9.0, 9.0, 9.0, 125, 
432, 8.0, 8.0, 9.0, 8.0, 9.0, 9.0, 8.0, 123, 
433, 8.0, 4.0, 9.0, 8.0, 8.0, 8.0, 8.0, 123, 
434, 8.0, 8.0, 8.0, 8.0, 299.0, 299.0, 8.0, 122, 
723, 9.0, 8.0, 8.0, 10.0, 8.0, 8.0, 8.0, 122, 
435, 9.0, 4.0, 8.0, 8.0, 8.0, 8.0, 8.0, 121, 
505, 8.0, 10.0, 8.0, 4.0, 8.0, 8.0, 10.0, 119, 
714, 9.0, 8.0, 10.0, 10.0, 8.0, 10.0, 8.0, 119, 
436, 10.0, 8.0, 8.0, 8.0, 9.0, 8.0, 8.0, 118, 
437, 8.0, 299.0, 299.0, 299.0, 299.0, 8.0, 8.0, 118, 
438, 8.0, 8.0, 8.0, 299.0, 9.0, 8.0, 8.0, 116, 
606, 8.0, 10.0, 8.0, 8.0, 8.0, 10.0, 8.0, 116, 
439, 9.0, 8.0, 8.0, 8.0, 9.0, 10.0, 8.0, 115, 
470, 8.0, 10.0, 8.0, 9.0, 8.0, 8.0, 8.0, 113, 
440, 8.0, 8.0, 8.0, 10.0, 8.0, 9.0, 9.0, 112, 
929, 8.0, 10.0, 9.0, 8.0, 8.0, 8.0, 9.0, 112, 
441, 10.0, 10.0, 10.0, 8.0, 8.0, 8.0, 8.0, 109, 
642, 9.0, 8.0, 8.0, 9.0, 8.0, 9.0, 10.0, 109, 
686, 10.0, 4.0, 8.0, 10.0, 8.0, 8.0, 8.0, 107, 
442, 8.0, 8.0, 8.0, 8.0, 8.0, 10.0, 10.0, 106, 
443, 299.0, 8.0, 8.0, 299.0, 8.0, 8.0, 8.0, 105, 
444, 8.0, 8.0, 8.0, 10.0, 9.0, 8.0, 9.0, 105, 
445, 8.0, 10.0, 10.0, 8.0, 8.0, 10.0, 8.0, 104, 
446, 8.0, 8.0, 8.0, 8.0, 299.0, 8.0, 8.0, 103, 
465, 9.0, 8.0, 8.0, 9.0, 9.0, 8.0, 8.0, 103, 
447, 8.0, 8.0, 8.0, 8.0, 9.0, 9.0, 9.0, 102, 
736, 8.0, 4.0, 8.0, 8.0, 10.0, 10.0, 8.0, 100, 
448, 10.0, 4.0, 8.0, 8.0, 8.0, 8.0, 9.0, 98, 
449, 299.0, 4.0, 8.0, 8.0, 8.0, 9.0, 8.0, 97, 
893, 9.0, 9.0, 8.0, 9.0, 8.0, 8.0, 8.0, 97, 
450, 9.0, 8.0, 8.0, 8.0, 9.0, 9.0, 10.0, 95, 
451, 10.0, 8.0, 10.0, 10.0, 8.0, 10.0, 10.0, 95, 
452, 8.0, 8.0, 299.0, 299.0, 8.0, 8.0, 8.0, 95, 
571, 299.0, 8.0, 10.0, 8.0, 8.0, 8.0, 8.0, 95, 
453, 8.0, 8.0, 8.0, 8.0, 8.0, 299.0, 8.0, 94, 
454, 10.0, 4.0, 8.0, 10.0, 8.0, 8.0, 9.0, 94, 
455, 8.0, 4.0, 8.0, 8.0, 8.0, 8.0, 10.0, 93, 
456, 9.0, 8.0, 8.0, 9.0, 9.0, 9.0, 9.0, 93, 
492, 8.0, 10.0, 10.0, 8.0, 8.0, 10.0, 10.0, 93, 
799, 8.0, 10.0, 8.0, 8.0, 8.0, 10.0, 10.0, 93, 
457, 10.0, 8.0, 8.0, 8.0, 8.0, 8.0, 9.0, 91, 
585, 299.0, 299.0, 8.0, 8.0, 8.0, 299.0, 8.0, 91, 
665, 10.0, 4.0, 8.0, 8.0, 8.0, 10.0, 8.0, 90, 
458, 8.0, 8.0, 8.0, 8.0, 10.0, 8.0, 9.0, 89, 
459, 8.0, 8.0, 8.0, 8.0, 8.0, 10.0, 9.0, 88, 
460, 8.0, 8.0, 9.0, 8.0, 10.0, 8.0, 8.0, 87, 
461, 10.0, 8.0, 8.0, 9.0, 8.0, 8.0, 9.0, 86, 
624, 299.0, 8.0, 8.0, 10.0, 8.0, 9.0, 8.0, 85, 
540, 8.0, 10.0, 8.0, 8.0, 8.0, 8.0, 9.0, 84, 
462, 8.0, 299.0, 299.0, 299.0, 299.0, 9.0, 8.0, 82, 
577, 8.0, 8.0, 9.0, 9.0, 9.0, 9.0, 8.0, 82, 
811, 10.0, 4.0, 10.0, 8.0, 9.0, 8.0, 9.0, 82, 
463, 9.0, 10.0, 8.0, 10.0, 8.0, 10.0, 8.0, 81, 
704, 8.0, 8.0, 9.0, 9.0, 8.0, 8.0, 10.0, 81, 
464, 8.0, 8.0, 299.0, 299.0, 9.0, 8.0, 8.0, 80, 
465, 299.0, 299.0, 8.0, 8.0, 9.0, 8.0, 8.0, 80, 
466, 8.0, 10.0, 8.0, 9.0, 8.0, 8.0, 9.0, 80, 
467, 9.0, 4.0, 8.0, 8.0, 8.0, 8.0, 10.0, 77, 
487, 299.0, 299.0, 299.0, 4.0, 8.0, 9.0, 8.0, 77, 
700, 8.0, 8.0, 9.0, 8.0, 9.0, 9.0, 9.0, 75, 
845, 8.0, 8.0, 9.0, 9.0, 8.0, 9.0, 9.0, 74, 
468, 8.0, 9.0, 8.0, 8.0, 8.0, 10.0, 8.0, 73, 
692, 8.0, 8.0, 8.0, 9.0, 10.0, 8.0, 8.0, 73, 
469, 8.0, 8.0, 8.0, 299.0, 299.0, 299.0, 8.0, 72, 
470, 9.0, 8.0, 9.0, 8.0, 8.0, 8.0, 10.0, 72, 
471, 9.0, 9.0, 9.0, 8.0, 8.0, 9.0, 8.0, 72, 
472, 8.0, 299.0, 299.0, 299.0, 8.0, 8.0, 8.0, 72, 
513, 8.0, 10.0, 8.0, 8.0, 9.0, 8.0, 10.0, 72, 
629, 10.0, 10.0, 10.0, 8.0, 8.0, 8.0, 9.0, 72, 
473, 299.0, 9.0, 8.0, 8.0, 8.0, 8.0, 8.0, 71, 
474, 299.0, 8.0, 8.0, 299.0, 299.0, 8.0, 8.0, 71, 
729, 8.0, 8.0, 10.0, 9.0, 8.0, 8.0, 8.0, 71, 
475, 8.0, 299.0, 299.0, 299.0, 299.0, 299.0, 8.0, 70, 
476, 8.0, 4.0, 8.0, 8.0, 8.0, 9.0, 9.0, 70, 
477, 299.0, 8.0, 9.0, 9.0, 8.0, 9.0, 8.0, 70, 
586, 10.0, 10.0, 10.0, 10.0, 8.0, 8.0, 9.0, 69, 
866, 9.0, 8.0, 9.0, 9.0, 8.0, 9.0, 9.0, 69, 
478, 10.0, 10.0, 10.0, 8.0, 9.0, 8.0, 8.0, 68, 
479, 8.0, 8.0, 299.0, 9.0, 8.0, 8.0, 8.0, 68, 
480, 10.0, 4.0, 8.0, 8.0, 8.0, 8.0, 8.0, 67, 
481, 9.0, 8.0, 8.0, 299.0, 299.0, 9.0, 8.0, 67, 
482, 9.0, 9.0, 8.0, 8.0, 8.0, 8.0, 9.0, 67, 
483, 10.0, 8.0, 8.0, 10.0, 9.0, 8.0, 8.0, 66, 
484, 299.0, 299.0, 299.0, 10.0, 8.0, 8.0, 10.0, 66, 
485, 9.0, 4.0, 9.0, 8.0, 8.0, 8.0, 9.0, 66, 
814, 9.0, 8.0, 9.0, 9.0, 9.0, 8.0, 9.0, 66, 
486, 8.0, 9.0, 10.0, 8.0, 9.0, 8.0, 8.0, 65, 
942, 299.0, 9.0, 8.0, 8.0, 8.0, 9.0, 8.0, 65, 
487, 8.0, 10.0, 8.0, 10.0, 8.0, 10.0, 10.0, 64, 
881, 9.0, 299.0, 8.0, 8.0, 9.0, 8.0, 8.0, 64, 
488, 9.0, 8.0, 8.0, 4.0, 8.0, 9.0, 8.0, 63, 
489, 10.0, 10.0, 8.0, 8.0, 9.0, 8.0, 8.0, 63, 
490, 299.0, 8.0, 9.0, 8.0, 9.0, 8.0, 8.0, 62, 
491, 299.0, 299.0, 299.0, 8.0, 8.0, 8.0, 10.0, 62, 
555, 10.0, 8.0, 8.0, 4.0, 8.0, 10.0, 8.0, 62, 
651, 10.0, 4.0, 10.0, 8.0, 8.0, 8.0, 10.0, 62, 
492, 10.0, 8.0, 10.0, 10.0, 8.0, 8.0, 10.0, 61, 
775, 8.0, 4.0, 9.0, 8.0, 8.0, 8.0, 9.0, 61, 
493, 8.0, 8.0, 299.0, 299.0, 299.0, 8.0, 8.0, 60, 
494, 9.0, 299.0, 299.0, 299.0, 9.0, 8.0, 8.0, 60, 
537, 10.0, 10.0, 8.0, 10.0, 8.0, 8.0, 10.0, 60, 
575, 8.0, 8.0, 10.0, 10.0, 8.0, 8.0, 8.0, 60, 
495, 8.0, 4.0, 8.0, 8.0, 8.0, 10.0, 10.0, 59, 
496, 8.0, 8.0, 10.0, 8.0, 8.0, 10.0, 10.0, 59, 
497, 8.0, 8.0, 8.0, 10.0, 9.0, 8.0, 8.0, 59, 
567, 8.0, 8.0, 9.0, 10.0, 8.0, 10.0, 8.0, 59, 
583, 8.0, 8.0, 10.0, 10.0, 8.0, 10.0, 10.0, 59, 
621, 299.0, 8.0, 10.0, 8.0, 8.0, 8.0, 10.0, 59, 
848, 9.0, 9.0, 8.0, 9.0, 8.0, 9.0, 8.0, 59, 
498, 8.0, 4.0, 8.0, 8.0, 9.0, 9.0, 8.0, 58, 
520, 10.0, 10.0, 10.0, 10.0, 8.0, 8.0, 8.0, 58, 
526, 299.0, 8.0, 8.0, 4.0, 9.0, 9.0, 8.0, 58, 
716, 9.0, 8.0, 9.0, 9.0, 9.0, 8.0, 8.0, 58, 
499, 10.0, 8.0, 10.0, 10.0, 9.0, 8.0, 8.0, 57, 
500, 9.0, 8.0, 10.0, 8.0, 8.0, 8.0, 9.0, 57, 
501, 9.0, 9.0, 8.0, 9.0, 9.0, 9.0, 8.0, 57, 
688, 9.0, 299.0, 299.0, 299.0, 299.0, 9.0, 8.0, 57, 
737, 8.0, 8.0, 9.0, 9.0, 9.0, 8.0, 9.0, 57, 
502, 9.0, 4.0, 8.0, 8.0, 8.0, 9.0, 8.0, 56, 
562, 299.0, 299.0, 8.0, 299.0, 299.0, 8.0, 8.0, 56, 
657, 8.0, 8.0, 299.0, 299.0, 8.0, 9.0, 8.0, 56, 
503, 299.0, 4.0, 8.0, 8.0, 8.0, 8.0, 9.0, 55, 
504, 9.0, 8.0, 9.0, 8.0, 9.0, 9.0, 8.0, 55, 
505, 10.0, 8.0, 8.0, 8.0, 8.0, 9.0, 8.0, 55, 
506, 8.0, 4.0, 8.0, 9.0, 9.0, 8.0, 8.0, 54, 
507, 10.0, 10.0, 10.0, 8.0, 8.0, 8.0, 10.0, 53, 
508, 9.0, 4.0, 8.0, 8.0, 8.0, 8.0, 9.0, 53, 
509, 299.0, 299.0, 299.0, 299.0, 8.0, 10.0, 8.0, 53, 
510, 9.0, 8.0, 8.0, 8.0, 10.0, 9.0, 8.0, 53, 
511, 299.0, 8.0, 299.0, 9.0, 8.0, 8.0, 8.0, 53, 
512, 9.0, 8.0, 9.0, 9.0, 9.0, 9.0, 8.0, 52, 
513, 8.0, 8.0, 9.0, 8.0, 10.0, 9.0, 9.0, 51, 
514, 8.0, 4.0, 10.0, 9.0, 8.0, 8.0, 8.0, 51, 
841, 8.0, 4.0, 8.0, 8.0, 9.0, 8.0, 9.0, 51, 
857, 299.0, 299.0, 299.0, 9.0, 8.0, 8.0, 9.0, 51, 
515, 10.0, 4.0, 10.0, 8.0, 8.0, 8.0, 8.0, 50, 
917, 8.0, 9.0, 9.0, 8.0, 9.0, 8.0, 8.0, 50, 
949, 299.0, 299.0, 299.0, 299.0, 8.0, 10.0, 10.0, 50, 
516, 8.0, 8.0, 10.0, 8.0, 10.0, 8.0, 10.0, 49, 
706, 8.0, 10.0, 8.0, 8.0, 9.0, 8.0, 9.0, 48, 
717, 9.0, 4.0, 8.0, 8.0, 9.0, 8.0, 8.0, 48, 
745, 8.0, 8.0, 9.0, 10.0, 8.0, 8.0, 8.0, 48, 
761, 299.0, 299.0, 8.0, 9.0, 8.0, 8.0, 9.0, 48, 
876, 8.0, 8.0, 9.0, 8.0, 10.0, 8.0, 10.0, 48, 
517, 299.0, 299.0, 299.0, 299.0, 299.0, 9.0, 10.0, 47, 
795, 10.0, 10.0, 10.0, 8.0, 10.0, 10.0, 8.0, 47, 
962, 8.0, 9.0, 8.0, 8.0, 10.0, 8.0, 10.0, 47, 
558, 10.0, 8.0, 10.0, 8.0, 10.0, 8.0, 10.0, 46, 
770, 9.0, 8.0, 9.0, 8.0, 8.0, 9.0, 9.0, 46, 
837, 8.0, 4.0, 8.0, 8.0, 10.0, 8.0, 9.0, 46, 
518, 8.0, 8.0, 8.0, 299.0, 8.0, 9.0, 8.0, 45, 
573, 8.0, 8.0, 10.0, 8.0, 9.0, 10.0, 10.0, 45, 
685, 299.0, 299.0, 299.0, 8.0, 9.0, 8.0, 9.0, 45, 
867, 9.0, 8.0, 10.0, 8.0, 10.0, 8.0, 9.0, 45, 
888, 8.0, 9.0, 9.0, 8.0, 8.0, 8.0, 9.0, 45, 
519, 8.0, 8.0, 8.0, 8.0, 10.0, 8.0, 10.0, 44, 
520, 299.0, 299.0, 299.0, 9.0, 9.0, 8.0, 8.0, 44, 
556, 299.0, 10.0, 8.0, 10.0, 8.0, 9.0, 10.0, 44, 
579, 9.0, 8.0, 9.0, 9.0, 8.0, 9.0, 10.0, 44, 
589, 9.0, 8.0, 8.0, 8.0, 299.0, 9.0, 10.0, 44, 
521, 10.0, 8.0, 8.0, 10.0, 8.0, 8.0, 10.0, 43, 
522, 299.0, 4.0, 8.0, 8.0, 9.0, 8.0, 8.0, 43, 
523, 299.0, 4.0, 8.0, 8.0, 9.0, 8.0, 10.0, 43, 
524, 8.0, 299.0, 299.0, 4.0, 8.0, 8.0, 8.0, 43, 
609, 299.0, 4.0, 8.0, 9.0, 8.0, 9.0, 8.0, 43, 
525, 10.0, 10.0, 8.0, 10.0, 8.0, 10.0, 8.0, 42, 
526, 9.0, 299.0, 299.0, 299.0, 299.0, 8.0, 8.0, 42, 
527, 8.0, 9.0, 10.0, 8.0, 10.0, 8.0, 10.0, 42, 
528, 299.0, 299.0, 299.0, 4.0, 8.0, 8.0, 8.0, 42, 
632, 299.0, 8.0, 9.0, 8.0, 8.0, 9.0, 8.0, 42, 
529, 10.0, 4.0, 9.0, 9.0, 9.0, 9.0, 9.0, 41, 
530, 299.0, 8.0, 10.0, 8.0, 9.0, 8.0, 8.0, 41, 
531, 8.0, 9.0, 8.0, 8.0, 8.0, 8.0, 10.0, 41, 
532, 299.0, 299.0, 299.0, 299.0, 299.0, 9.0, 9.0, 41, 
533, 8.0, 10.0, 8.0, 10.0, 9.0, 8.0, 8.0, 41, 
551, 8.0, 8.0, 8.0, 4.0, 8.0, 9.0, 9.0, 41, 
630, 8.0, 9.0, 10.0, 8.0, 10.0, 9.0, 10.0, 41, 
798, 299.0, 299.0, 8.0, 8.0, 8.0, 9.0, 9.0, 41, 
898, 8.0, 4.0, 10.0, 8.0, 10.0, 10.0, 10.0, 41, 
534, 8.0, 299.0, 8.0, 9.0, 8.0, 8.0, 8.0, 40, 
535, 299.0, 8.0, 8.0, 9.0, 9.0, 9.0, 9.0, 40, 
536, 8.0, 9.0, 8.0, 10.0, 9.0, 8.0, 9.0, 40, 
537, 299.0, 10.0, 8.0, 8.0, 8.0, 8.0, 8.0, 40, 
592, 10.0, 8.0, 10.0, 8.0, 8.0, 8.0, 9.0, 40, 
842, 8.0, 4.0, 8.0, 10.0, 8.0, 8.0, 9.0, 40, 
882, 299.0, 8.0, 9.0, 9.0, 8.0, 8.0, 8.0, 40, 
538, 8.0, 8.0, 299.0, 8.0, 8.0, 8.0, 8.0, 39, 
539, 8.0, 8.0, 10.0, 8.0, 9.0, 8.0, 10.0, 39, 
540, 8.0, 9.0, 8.0, 10.0, 8.0, 8.0, 8.0, 39, 
541, 8.0, 9.0, 8.0, 9.0, 8.0, 9.0, 9.0, 39, 
542, 299.0, 299.0, 299.0, 8.0, 8.0, 10.0, 10.0, 39, 
543, 8.0, 10.0, 10.0, 10.0, 8.0, 8.0, 8.0, 39, 
594, 299.0, 8.0, 10.0, 8.0, 8.0, 10.0, 10.0, 39, 
739, 9.0, 8.0, 8.0, 10.0, 8.0, 8.0, 10.0, 39, 
827, 9.0, 4.0, 10.0, 8.0, 8.0, 8.0, 8.0, 39, 
961, 8.0, 4.0, 10.0, 8.0, 8.0, 8.0, 10.0, 39, 
544, 299.0, 299.0, 299.0, 299.0, 9.0, 8.0, 10.0, 38, 
545, 8.0, 4.0, 10.0, 8.0, 8.0, 9.0, 8.0, 38, 
546, 9.0, 4.0, 10.0, 8.0, 8.0, 9.0, 8.0, 38, 
547, 8.0, 299.0, 299.0, 299.0, 299.0, 8.0, 10.0, 38, 
548, 9.0, 4.0, 8.0, 8.0, 9.0, 9.0, 8.0, 38, 
549, 299.0, 8.0, 8.0, 9.0, 9.0, 8.0, 9.0, 38, 
550, 299.0, 10.0, 8.0, 4.0, 8.0, 8.0, 10.0, 38, 
788, 299.0, 299.0, 299.0, 299.0, 8.0, 8.0, 10.0, 38, 
869, 10.0, 4.0, 10.0, 8.0, 8.0, 8.0, 9.0, 38, 
551, 9.0, 299.0, 299.0, 299.0, 8.0, 8.0, 8.0, 37, 
663, 299.0, 8.0, 9.0, 9.0, 9.0, 9.0, 10.0, 37, 
720, 10.0, 4.0, 8.0, 8.0, 8.0, 8.0, 10.0, 37, 
552, 299.0, 8.0, 8.0, 8.0, 10.0, 10.0, 9.0, 36, 
553, 299.0, 8.0, 8.0, 299.0, 299.0, 9.0, 8.0, 36, 
554, 8.0, 8.0, 10.0, 10.0, 8.0, 8.0, 10.0, 36, 
809, 8.0, 4.0, 9.0, 9.0, 9.0, 9.0, 9.0, 36, 
555, 10.0, 4.0, 8.0, 9.0, 9.0, 9.0, 9.0, 35, 
556, 8.0, 4.0, 8.0, 8.0, 9.0, 8.0, 10.0, 35, 
557, 299.0, 8.0, 299.0, 9.0, 8.0, 9.0, 8.0, 35, 
894, 10.0, 10.0, 8.0, 8.0, 9.0, 8.0, 9.0, 35, 
558, 8.0, 10.0, 8.0, 8.0, 8.0, 9.0, 9.0, 34, 
559, 8.0, 8.0, 8.0, 10.0, 8.0, 8.0, 10.0, 34, 
560, 299.0, 8.0, 8.0, 8.0, 10.0, 10.0, 8.0, 34, 
711, 9.0, 299.0, 8.0, 9.0, 8.0, 8.0, 8.0, 34, 
768, 9.0, 299.0, 299.0, 9.0, 8.0, 8.0, 8.0, 34, 
813, 299.0, 299.0, 299.0, 4.0, 8.0, 8.0, 10.0, 34, 
561, 299.0, 8.0, 8.0, 8.0, 9.0, 9.0, 9.0, 33, 
562, 10.0, 8.0, 8.0, 8.0, 9.0, 9.0, 8.0, 33, 
563, 10.0, 8.0, 8.0, 8.0, 8.0, 10.0, 8.0, 33, 
564, 10.0, 8.0, 8.0, 10.0, 8.0, 10.0, 8.0, 33, 
565, 299.0, 299.0, 299.0, 299.0, 8.0, 9.0, 9.0, 33, 
836, 299.0, 299.0, 299.0, 9.0, 8.0, 8.0, 10.0, 33, 
566, 8.0, 299.0, 299.0, 299.0, 9.0, 8.0, 8.0, 32, 
567, 299.0, 299.0, 299.0, 299.0, 10.0, 8.0, 8.0, 32, 
568, 299.0, 10.0, 8.0, 10.0, 8.0, 8.0, 8.0, 32, 
600, 10.0, 4.0, 9.0, 8.0, 8.0, 8.0, 10.0, 32, 
902, 9.0, 9.0, 10.0, 8.0, 10.0, 8.0, 10.0, 32, 
569, 10.0, 8.0, 8.0, 8.0, 8.0, 9.0, 9.0, 31, 
570, 8.0, 9.0, 10.0, 8.0, 10.0, 8.0, 9.0, 31, 
571, 8.0, 8.0, 10.0, 8.0, 8.0, 9.0, 10.0, 31, 
572, 299.0, 8.0, 299.0, 299.0, 8.0, 8.0, 8.0, 31, 
573, 8.0, 299.0, 299.0, 299.0, 299.0, 8.0, 9.0, 31, 
574, 299.0, 10.0, 8.0, 10.0, 8.0, 9.0, 9.0, 31, 
593, 10.0, 10.0, 8.0, 10.0, 8.0, 8.0, 9.0, 31, 
608, 299.0, 8.0, 10.0, 9.0, 8.0, 9.0, 8.0, 31, 
724, 299.0, 299.0, 8.0, 8.0, 8.0, 10.0, 10.0, 31, 
828, 9.0, 4.0, 8.0, 8.0, 9.0, 8.0, 9.0, 31, 
575, 10.0, 8.0, 8.0, 8.0, 8.0, 9.0, 10.0, 30, 
576, 8.0, 4.0, 8.0, 9.0, 8.0, 9.0, 8.0, 30, 
627, 299.0, 8.0, 9.0, 9.0, 9.0, 8.0, 8.0, 30, 
637, 299.0, 4.0, 8.0, 8.0, 8.0, 8.0, 10.0, 30, 
886, 8.0, 10.0, 9.0, 9.0, 9.0, 8.0, 8.0, 30, 
921, 9.0, 9.0, 10.0, 8.0, 8.0, 8.0, 8.0, 30, 
577, 9.0, 299.0, 299.0, 299.0, 299.0, 8.0, 9.0, 29, 
580, 9.0, 8.0, 10.0, 9.0, 8.0, 9.0, 10.0, 29, 
661, 9.0, 8.0, 9.0, 8.0, 9.0, 9.0, 9.0, 29, 
696, 9.0, 4.0, 8.0, 8.0, 10.0, 8.0, 10.0, 29, 
765, 299.0, 299.0, 8.0, 299.0, 299.0, 299.0, 8.0, 29, 
892, 10.0, 4.0, 8.0, 8.0, 8.0, 10.0, 10.0, 29, 
578, 299.0, 8.0, 8.0, 8.0, 299.0, 299.0, 8.0, 28, 
579, 10.0, 8.0, 8.0, 9.0, 8.0, 8.0, 8.0, 28, 
580, 10.0, 8.0, 8.0, 9.0, 9.0, 9.0, 8.0, 28, 
581, 8.0, 8.0, 8.0, 10.0, 10.0, 8.0, 10.0, 28, 
774, 10.0, 4.0, 10.0, 8.0, 9.0, 10.0, 10.0, 28, 
849, 8.0, 4.0, 8.0, 9.0, 8.0, 8.0, 9.0, 28, 
872, 8.0, 4.0, 10.0, 8.0, 10.0, 8.0, 9.0, 28, 
954, 8.0, 4.0, 10.0, 8.0, 8.0, 8.0, 8.0, 28, 
582, 9.0, 8.0, 10.0, 8.0, 10.0, 8.0, 10.0, 27, 
583, 9.0, 299.0, 299.0, 299.0, 299.0, 299.0, 8.0, 27, 
584, 299.0, 299.0, 299.0, 8.0, 8.0, 9.0, 9.0, 27, 
585, 8.0, 4.0, 8.0, 10.0, 9.0, 8.0, 9.0, 27, 
586, 299.0, 4.0, 8.0, 8.0, 8.0, 10.0, 8.0, 27, 
587, 299.0, 8.0, 8.0, 8.0, 10.0, 8.0, 10.0, 27, 
728, 8.0, 8.0, 8.0, 9.0, 10.0, 8.0, 9.0, 27, 
734, 9.0, 8.0, 8.0, 9.0, 10.0, 10.0, 10.0, 27, 
773, 299.0, 299.0, 299.0, 299.0, 299.0, 10.0, 10.0, 27, 
853, 8.0, 9.0, 10.0, 8.0, 8.0, 8.0, 8.0, 27, 
868, 299.0, 8.0, 9.0, 8.0, 8.0, 10.0, 9.0, 27, 
918, 8.0, 299.0, 8.0, 8.0, 8.0, 8.0, 9.0, 27, 
920, 8.0, 8.0, 8.0, 8.0, 299.0, 8.0, 9.0, 27, 
937, 299.0, 299.0, 299.0, 8.0, 10.0, 10.0, 9.0, 27, 
588, 299.0, 8.0, 8.0, 4.0, 8.0, 9.0, 8.0, 26, 
589, 9.0, 4.0, 8.0, 9.0, 8.0, 8.0, 8.0, 26, 
590, 9.0, 4.0, 8.0, 9.0, 8.0, 8.0, 9.0, 26, 
873, 299.0, 299.0, 9.0, 299.0, 10.0, 8.0, 10.0, 26, 
908, 9.0, 9.0, 10.0, 8.0, 10.0, 8.0, 8.0, 26, 
591, 299.0, 8.0, 8.0, 10.0, 8.0, 8.0, 10.0, 25, 
592, 10.0, 10.0, 10.0, 8.0, 10.0, 8.0, 9.0, 25, 
593, 8.0, 8.0, 8.0, 8.0, 10.0, 10.0, 10.0, 25, 
594, 10.0, 4.0, 8.0, 10.0, 8.0, 10.0, 10.0, 25, 
595, 9.0, 299.0, 299.0, 299.0, 8.0, 9.0, 8.0, 25, 
595, 10.0, 4.0, 8.0, 8.0, 9.0, 8.0, 8.0, 25, 
618, 8.0, 8.0, 8.0, 9.0, 299.0, 8.0, 8.0, 25, 
639, 10.0, 8.0, 10.0, 8.0, 9.0, 10.0, 8.0, 25, 
818, 9.0, 8.0, 10.0, 9.0, 8.0, 8.0, 8.0, 25, 
939, 10.0, 4.0, 8.0, 8.0, 8.0, 9.0, 8.0, 25, 
596, 299.0, 299.0, 8.0, 8.0, 299.0, 8.0, 8.0, 24, 
597, 8.0, 8.0, 299.0, 4.0, 9.0, 8.0, 9.0, 24, 
598, 299.0, 8.0, 8.0, 4.0, 8.0, 8.0, 9.0, 24, 
599, 8.0, 10.0, 8.0, 10.0, 8.0, 9.0, 10.0, 24, 
600, 8.0, 8.0, 9.0, 10.0, 8.0, 10.0, 9.0, 24, 
778, 8.0, 8.0, 10.0, 8.0, 9.0, 9.0, 9.0, 24, 
601, 8.0, 299.0, 299.0, 299.0, 299.0, 9.0, 9.0, 23, 
602, 9.0, 4.0, 8.0, 4.0, 8.0, 10.0, 8.0, 23, 
603, 8.0, 299.0, 299.0, 4.0, 9.0, 8.0, 8.0, 23, 
604, 9.0, 299.0, 299.0, 8.0, 8.0, 8.0, 8.0, 23, 
654, 9.0, 8.0, 8.0, 10.0, 10.0, 10.0, 10.0, 23, 
776, 8.0, 4.0, 10.0, 8.0, 9.0, 8.0, 10.0, 23, 
926, 9.0, 9.0, 9.0, 8.0, 8.0, 8.0, 8.0, 23, 
605, 8.0, 8.0, 10.0, 8.0, 8.0, 10.0, 9.0, 22, 
606, 8.0, 8.0, 9.0, 9.0, 10.0, 9.0, 8.0, 22, 
607, 9.0, 4.0, 8.0, 10.0, 8.0, 8.0, 8.0, 22, 
608, 10.0, 10.0, 8.0, 8.0, 8.0, 8.0, 9.0, 22, 
668, 9.0, 8.0, 8.0, 9.0, 9.0, 9.0, 10.0, 22, 
708, 299.0, 299.0, 299.0, 9.0, 10.0, 8.0, 8.0, 22, 
719, 8.0, 8.0, 9.0, 9.0, 10.0, 8.0, 8.0, 22, 
741, 10.0, 8.0, 9.0, 8.0, 8.0, 9.0, 8.0, 22, 
763, 9.0, 299.0, 299.0, 8.0, 9.0, 9.0, 8.0, 22, 
609, 299.0, 8.0, 8.0, 8.0, 8.0, 299.0, 8.0, 21, 
610, 299.0, 299.0, 299.0, 299.0, 299.0, 299.0, 9.0, 21, 
611, 8.0, 8.0, 8.0, 10.0, 10.0, 8.0, 9.0, 21, 
612, 299.0, 299.0, 10.0, 8.0, 8.0, 8.0, 8.0, 21, 
613, 8.0, 8.0, 8.0, 8.0, 299.0, 299.0, 9.0, 21, 
662, 299.0, 8.0, 299.0, 299.0, 299.0, 8.0, 8.0, 21, 
684, 8.0, 8.0, 299.0, 299.0, 299.0, 8.0, 10.0, 21, 
744, 10.0, 10.0, 10.0, 8.0, 8.0, 9.0, 8.0, 21, 
847, 8.0, 9.0, 8.0, 8.0, 8.0, 9.0, 9.0, 21, 
878, 8.0, 9.0, 9.0, 9.0, 8.0, 9.0, 9.0, 21, 
940, 10.0, 10.0, 8.0, 8.0, 8.0, 9.0, 8.0, 21, 
614, 9.0, 10.0, 8.0, 9.0, 8.0, 9.0, 8.0, 20, 
615, 299.0, 299.0, 9.0, 8.0, 8.0, 9.0, 8.0, 20, 
616, 9.0, 4.0, 9.0, 8.0, 8.0, 9.0, 8.0, 20, 
617, 10.0, 4.0, 9.0, 8.0, 8.0, 10.0, 10.0, 20, 
618, 9.0, 8.0, 8.0, 8.0, 10.0, 10.0, 9.0, 20, 
619, 8.0, 8.0, 9.0, 8.0, 8.0, 10.0, 8.0, 20, 
620, 8.0, 8.0, 8.0, 4.0, 8.0, 8.0, 10.0, 20, 
621, 299.0, 9.0, 8.0, 8.0, 8.0, 10.0, 8.0, 20, 
622, 8.0, 8.0, 9.0, 9.0, 8.0, 9.0, 10.0, 20, 
677, 9.0, 8.0, 8.0, 9.0, 9.0, 8.0, 10.0, 20, 
701, 9.0, 4.0, 8.0, 299.0, 299.0, 8.0, 10.0, 20, 
751, 10.0, 4.0, 8.0, 9.0, 8.0, 8.0, 9.0, 20, 
905, 9.0, 8.0, 9.0, 8.0, 10.0, 8.0, 10.0, 20, 
623, 9.0, 8.0, 10.0, 9.0, 8.0, 8.0, 10.0, 19, 
624, 9.0, 9.0, 9.0, 8.0, 10.0, 9.0, 8.0, 19, 
625, 10.0, 4.0, 8.0, 8.0, 9.0, 9.0, 8.0, 19, 
626, 9.0, 9.0, 8.0, 299.0, 299.0, 9.0, 8.0, 19, 
627, 299.0, 10.0, 8.0, 4.0, 8.0, 8.0, 8.0, 19, 
628, 299.0, 8.0, 9.0, 8.0, 8.0, 9.0, 9.0, 19, 
667, 9.0, 8.0, 299.0, 299.0, 299.0, 8.0, 8.0, 19, 
824, 10.0, 10.0, 9.0, 8.0, 8.0, 9.0, 8.0, 19, 
897, 8.0, 10.0, 10.0, 8.0, 8.0, 10.0, 9.0, 19, 
904, 10.0, 10.0, 10.0, 9.0, 9.0, 8.0, 8.0, 19, 
629, 299.0, 8.0, 8.0, 8.0, 299.0, 8.0, 8.0, 18, 
630, 8.0, 299.0, 299.0, 299.0, 299.0, 299.0, 9.0, 18, 
638, 10.0, 8.0, 10.0, 8.0, 9.0, 9.0, 8.0, 18, 
718, 8.0, 4.0, 10.0, 8.0, 10.0, 9.0, 9.0, 18, 
730, 10.0, 10.0, 10.0, 8.0, 10.0, 8.0, 10.0, 18, 
750, 8.0, 4.0, 9.0, 9.0, 8.0, 8.0, 9.0, 18, 
784, 9.0, 9.0, 8.0, 9.0, 9.0, 8.0, 10.0, 18, 
804, 10.0, 8.0, 9.0, 8.0, 10.0, 8.0, 8.0, 18, 
812, 8.0, 8.0, 9.0, 8.0, 9.0, 9.0, 10.0, 18, 
861, 299.0, 299.0, 10.0, 8.0, 8.0, 8.0, 9.0, 18, 
923, 9.0, 8.0, 8.0, 8.0, 299.0, 8.0, 8.0, 18, 
631, 8.0, 8.0, 8.0, 299.0, 299.0, 8.0, 9.0, 17, 
632, 299.0, 8.0, 8.0, 9.0, 9.0, 9.0, 8.0, 17, 
633, 9.0, 4.0, 8.0, 8.0, 10.0, 9.0, 8.0, 17, 
634, 299.0, 10.0, 8.0, 4.0, 8.0, 8.0, 9.0, 17, 
635, 299.0, 10.0, 8.0, 8.0, 8.0, 8.0, 9.0, 17, 
648, 9.0, 8.0, 10.0, 8.0, 8.0, 8.0, 10.0, 17, 
740, 9.0, 8.0, 9.0, 8.0, 9.0, 8.0, 10.0, 17, 
815, 8.0, 8.0, 9.0, 10.0, 8.0, 8.0, 9.0, 17, 
907, 8.0, 8.0, 9.0, 9.0, 8.0, 10.0, 10.0, 17, 
636, 9.0, 8.0, 10.0, 8.0, 8.0, 9.0, 8.0, 16, 
637, 8.0, 8.0, 8.0, 4.0, 9.0, 8.0, 9.0, 16, 
638, 10.0, 4.0, 8.0, 8.0, 10.0, 8.0, 8.0, 16, 
639, 299.0, 8.0, 8.0, 299.0, 8.0, 9.0, 8.0, 16, 
640, 9.0, 4.0, 9.0, 9.0, 8.0, 8.0, 9.0, 16, 
641, 299.0, 299.0, 299.0, 4.0, 9.0, 9.0, 8.0, 16, 
642, 8.0, 4.0, 8.0, 10.0, 8.0, 9.0, 8.0, 16, 
738, 8.0, 8.0, 8.0, 9.0, 9.0, 8.0, 10.0, 16, 
743, 10.0, 4.0, 10.0, 9.0, 8.0, 9.0, 8.0, 16, 
803, 8.0, 8.0, 8.0, 10.0, 10.0, 8.0, 8.0, 16, 
860, 8.0, 4.0, 10.0, 8.0, 10.0, 8.0, 8.0, 16, 
901, 10.0, 10.0, 8.0, 9.0, 9.0, 8.0, 10.0, 16, 
927, 299.0, 299.0, 8.0, 9.0, 8.0, 9.0, 8.0, 16, 
643, 8.0, 4.0, 8.0, 8.0, 8.0, 10.0, 8.0, 15, 
644, 299.0, 8.0, 9.0, 8.0, 9.0, 8.0, 9.0, 15, 
645, 299.0, 299.0, 299.0, 10.0, 8.0, 9.0, 9.0, 15, 
646, 8.0, 4.0, 8.0, 8.0, 10.0, 8.0, 10.0, 15, 
647, 9.0, 9.0, 9.0, 9.0, 8.0, 8.0, 9.0, 15, 
648, 10.0, 8.0, 9.0, 8.0, 8.0, 8.0, 10.0, 15, 
649, 10.0, 8.0, 8.0, 8.0, 10.0, 8.0, 10.0, 15, 
653, 10.0, 299.0, 299.0, 299.0, 299.0, 8.0, 10.0, 15, 
759, 8.0, 9.0, 9.0, 8.0, 9.0, 9.0, 8.0, 15, 
767, 8.0, 299.0, 299.0, 9.0, 8.0, 8.0, 8.0, 15, 
802, 8.0, 10.0, 8.0, 8.0, 8.0, 9.0, 8.0, 15, 
833, 8.0, 4.0, 8.0, 9.0, 9.0, 8.0, 9.0, 15, 
883, 10.0, 10.0, 9.0, 8.0, 8.0, 8.0, 8.0, 15, 
899, 8.0, 9.0, 8.0, 8.0, 10.0, 8.0, 8.0, 15, 
947, 9.0, 9.0, 8.0, 8.0, 9.0, 9.0, 8.0, 15, 
948, 299.0, 8.0, 8.0, 10.0, 8.0, 8.0, 8.0, 15, 
650, 8.0, 8.0, 8.0, 4.0, 8.0, 9.0, 8.0, 14, 
651, 8.0, 8.0, 8.0, 299.0, 8.0, 299.0, 8.0, 14, 
652, 8.0, 9.0, 8.0, 10.0, 10.0, 8.0, 8.0, 14, 
653, 10.0, 10.0, 8.0, 8.0, 8.0, 8.0, 8.0, 14, 
654, 10.0, 4.0, 10.0, 8.0, 10.0, 8.0, 8.0, 14, 
655, 299.0, 8.0, 8.0, 9.0, 9.0, 8.0, 8.0, 14, 
656, 9.0, 8.0, 8.0, 299.0, 299.0, 8.0, 8.0, 14, 
657, 299.0, 299.0, 299.0, 299.0, 299.0, 299.0, 10.0, 14, 
658, 10.0, 8.0, 10.0, 8.0, 10.0, 8.0, 8.0, 14, 
659, 299.0, 299.0, 8.0, 10.0, 9.0, 8.0, 8.0, 14, 
660, 299.0, 4.0, 10.0, 9.0, 8.0, 8.0, 10.0, 14, 
661, 299.0, 4.0, 8.0, 10.0, 8.0, 8.0, 10.0, 14, 
662, 9.0, 8.0, 9.0, 9.0, 9.0, 9.0, 10.0, 14, 
683, 9.0, 299.0, 9.0, 8.0, 9.0, 8.0, 8.0, 14, 
715, 10.0, 4.0, 9.0, 8.0, 8.0, 8.0, 8.0, 14, 
732, 10.0, 10.0, 10.0, 8.0, 10.0, 8.0, 8.0, 14, 
781, 299.0, 299.0, 299.0, 8.0, 8.0, 9.0, 10.0, 14, 
835, 8.0, 4.0, 10.0, 299.0, 299.0, 9.0, 8.0, 14, 
887, 8.0, 9.0, 10.0, 8.0, 8.0, 9.0, 8.0, 14, 
938, 8.0, 9.0, 8.0, 8.0, 10.0, 8.0, 9.0, 14, 
663, 8.0, 8.0, 10.0, 9.0, 8.0, 9.0, 8.0, 13, 
664, 8.0, 4.0, 8.0, 10.0, 8.0, 8.0, 8.0, 13, 
665, 299.0, 8.0, 8.0, 10.0, 8.0, 9.0, 10.0, 13, 
666, 10.0, 10.0, 10.0, 4.0, 9.0, 9.0, 8.0, 13, 
742, 9.0, 299.0, 299.0, 299.0, 299.0, 10.0, 10.0, 13, 
754, 8.0, 4.0, 8.0, 9.0, 8.0, 9.0, 9.0, 13, 
805, 9.0, 299.0, 299.0, 8.0, 8.0, 8.0, 9.0, 13, 
817, 299.0, 299.0, 10.0, 8.0, 8.0, 8.0, 10.0, 13, 
826, 8.0, 8.0, 9.0, 299.0, 9.0, 8.0, 8.0, 13, 
909, 9.0, 9.0, 10.0, 8.0, 10.0, 9.0, 8.0, 13, 
915, 9.0, 9.0, 8.0, 8.0, 8.0, 8.0, 10.0, 13, 
934, 299.0, 299.0, 299.0, 8.0, 10.0, 8.0, 9.0, 13, 
956, 8.0, 4.0, 10.0, 8.0, 10.0, 8.0, 10.0, 13, 
667, 299.0, 8.0, 8.0, 299.0, 299.0, 299.0, 8.0, 12, 
668, 10.0, 8.0, 8.0, 9.0, 8.0, 10.0, 9.0, 12, 
669, 299.0, 299.0, 299.0, 9.0, 8.0, 9.0, 9.0, 12, 
670, 9.0, 4.0, 8.0, 8.0, 8.0, 9.0, 9.0, 12, 
671, 299.0, 8.0, 8.0, 8.0, 299.0, 8.0, 9.0, 12, 
672, 299.0, 8.0, 8.0, 299.0, 299.0, 9.0, 10.0, 12, 
678, 9.0, 299.0, 9.0, 8.0, 9.0, 8.0, 9.0, 12, 
747, 299.0, 4.0, 8.0, 9.0, 8.0, 8.0, 9.0, 12, 
756, 8.0, 4.0, 9.0, 9.0, 8.0, 9.0, 8.0, 12, 
786, 8.0, 9.0, 10.0, 8.0, 9.0, 8.0, 10.0, 12, 
844, 8.0, 8.0, 9.0, 9.0, 299.0, 8.0, 9.0, 12, 
877, 10.0, 10.0, 10.0, 8.0, 8.0, 9.0, 9.0, 12, 
890, 10.0, 10.0, 9.0, 9.0, 10.0, 8.0, 9.0, 12, 
933, 9.0, 4.0, 8.0, 8.0, 10.0, 8.0, 8.0, 12, 
673, 299.0, 8.0, 8.0, 10.0, 9.0, 8.0, 10.0, 11, 
674, 8.0, 8.0, 8.0, 10.0, 299.0, 299.0, 8.0, 11, 
675, 9.0, 4.0, 8.0, 299.0, 299.0, 9.0, 8.0, 11, 
676, 9.0, 4.0, 8.0, 9.0, 8.0, 9.0, 10.0, 11, 
677, 8.0, 299.0, 299.0, 4.0, 9.0, 8.0, 9.0, 11, 
678, 9.0, 8.0, 8.0, 8.0, 299.0, 299.0, 8.0, 11, 
679, 299.0, 299.0, 299.0, 299.0, 299.0, 10.0, 8.0, 11, 
713, 8.0, 8.0, 8.0, 8.0, 299.0, 9.0, 8.0, 11, 
760, 8.0, 8.0, 8.0, 8.0, 10.0, 9.0, 9.0, 11, 
843, 8.0, 4.0, 8.0, 8.0, 299.0, 8.0, 8.0, 11, 
916, 8.0, 9.0, 8.0, 9.0, 9.0, 8.0, 8.0, 11, 
955, 8.0, 4.0, 10.0, 8.0, 9.0, 8.0, 8.0, 11, 
680, 299.0, 8.0, 8.0, 8.0, 8.0, 9.0, 10.0, 10, 
681, 299.0, 8.0, 9.0, 8.0, 10.0, 9.0, 10.0, 10, 
682, 299.0, 8.0, 8.0, 8.0, 299.0, 299.0, 9.0, 10, 
683, 10.0, 8.0, 9.0, 8.0, 8.0, 8.0, 8.0, 10, 
684, 299.0, 299.0, 8.0, 299.0, 8.0, 8.0, 8.0, 10, 
685, 9.0, 8.0, 299.0, 299.0, 299.0, 9.0, 9.0, 10, 
731, 9.0, 10.0, 8.0, 9.0, 8.0, 8.0, 8.0, 10, 
834, 299.0, 8.0, 299.0, 299.0, 299.0, 9.0, 8.0, 10, 
865, 9.0, 8.0, 10.0, 8.0, 8.0, 9.0, 9.0, 10, 
895, 10.0, 4.0, 8.0, 8.0, 9.0, 8.0, 9.0, 10, 
945, 8.0, 9.0, 10.0, 8.0, 8.0, 8.0, 10.0, 10, 
686, 9.0, 9.0, 8.0, 10.0, 10.0, 8.0, 10.0, 9, 
687, 10.0, 10.0, 8.0, 10.0, 10.0, 8.0, 10.0, 9, 
688, 299.0, 299.0, 299.0, 299.0, 8.0, 299.0, 8.0, 9, 
689, 10.0, 4.0, 8.0, 8.0, 10.0, 8.0, 10.0, 9, 
690, 299.0, 299.0, 299.0, 299.0, 9.0, 9.0, 9.0, 9, 
691, 8.0, 8.0, 8.0, 299.0, 299.0, 9.0, 8.0, 9, 
692, 8.0, 10.0, 10.0, 4.0, 9.0, 8.0, 9.0, 9, 
693, 299.0, 299.0, 299.0, 10.0, 8.0, 9.0, 10.0, 9, 
694, 8.0, 10.0, 10.0, 8.0, 8.0, 8.0, 9.0, 9, 
695, 10.0, 8.0, 8.0, 299.0, 9.0, 8.0, 8.0, 8, 
696, 9.0, 10.0, 8.0, 8.0, 8.0, 9.0, 8.0, 8, 
697, 299.0, 8.0, 299.0, 299.0, 9.0, 8.0, 8.0, 8, 
698, 8.0, 8.0, 10.0, 299.0, 299.0, 8.0, 8.0, 8, 
699, 299.0, 299.0, 299.0, 8.0, 10.0, 8.0, 8.0, 8, 
700, 299.0, 8.0, 8.0, 10.0, 9.0, 8.0, 8.0, 8, 
701, 9.0, 8.0, 8.0, 8.0, 8.0, 299.0, 8.0, 8, 
702, 8.0, 10.0, 8.0, 9.0, 8.0, 9.0, 9.0, 8, 
703, 8.0, 8.0, 299.0, 8.0, 8.0, 10.0, 10.0, 8, 
704, 299.0, 8.0, 299.0, 299.0, 299.0, 299.0, 8.0, 8, 
705, 9.0, 8.0, 8.0, 8.0, 9.0, 9.0, 9.0, 8, 
769, 8.0, 8.0, 8.0, 299.0, 299.0, 8.0, 10.0, 8, 
789, 10.0, 10.0, 9.0, 8.0, 10.0, 10.0, 10.0, 8, 
794, 8.0, 9.0, 10.0, 8.0, 9.0, 10.0, 10.0, 8, 
896, 9.0, 9.0, 9.0, 8.0, 8.0, 8.0, 9.0, 8, 
928, 9.0, 9.0, 8.0, 8.0, 8.0, 9.0, 8.0, 8, 
941, 8.0, 10.0, 10.0, 8.0, 10.0, 8.0, 9.0, 8, 
963, 10.0, 4.0, 10.0, 8.0, 10.0, 8.0, 9.0, 8, 
706, 10.0, 8.0, 8.0, 299.0, 8.0, 8.0, 8.0, 7, 
707, 299.0, 299.0, 299.0, 8.0, 8.0, 299.0, 8.0, 7, 
708, 9.0, 8.0, 8.0, 299.0, 8.0, 8.0, 8.0, 7, 
709, 10.0, 8.0, 8.0, 8.0, 10.0, 8.0, 8.0, 7, 
710, 299.0, 299.0, 8.0, 8.0, 9.0, 8.0, 9.0, 7, 
711, 299.0, 299.0, 9.0, 8.0, 9.0, 9.0, 10.0, 7, 
712, 9.0, 299.0, 299.0, 299.0, 299.0, 9.0, 9.0, 7, 
713, 10.0, 10.0, 9.0, 8.0, 8.0, 8.0, 9.0, 7, 
714, 8.0, 8.0, 9.0, 8.0, 8.0, 299.0, 8.0, 7, 
715, 9.0, 8.0, 9.0, 8.0, 9.0, 9.0, 10.0, 7, 
753, 299.0, 4.0, 8.0, 9.0, 8.0, 9.0, 9.0, 7, 
758, 299.0, 299.0, 299.0, 8.0, 299.0, 299.0, 8.0, 7, 
779, 8.0, 299.0, 299.0, 8.0, 8.0, 9.0, 9.0, 7, 
783, 8.0, 9.0, 8.0, 9.0, 9.0, 8.0, 10.0, 7, 
879, 8.0, 9.0, 9.0, 9.0, 8.0, 9.0, 8.0, 7, 
910, 10.0, 4.0, 8.0, 8.0, 9.0, 8.0, 10.0, 7, 
716, 8.0, 4.0, 8.0, 8.0, 8.0, 299.0, 10.0, 6, 
717, 299.0, 8.0, 8.0, 299.0, 9.0, 8.0, 8.0, 6, 
718, 8.0, 4.0, 8.0, 10.0, 10.0, 8.0, 10.0, 6, 
719, 8.0, 4.0, 10.0, 9.0, 8.0, 9.0, 9.0, 6, 
720, 9.0, 4.0, 8.0, 299.0, 299.0, 8.0, 8.0, 6, 
721, 9.0, 4.0, 8.0, 299.0, 299.0, 299.0, 10.0, 6, 
722, 299.0, 8.0, 299.0, 8.0, 8.0, 8.0, 8.0, 6, 
723, 299.0, 299.0, 299.0, 4.0, 8.0, 10.0, 8.0, 6, 
724, 299.0, 10.0, 8.0, 9.0, 8.0, 8.0, 8.0, 6, 
725, 299.0, 10.0, 8.0, 10.0, 8.0, 8.0, 10.0, 6, 
726, 10.0, 10.0, 8.0, 10.0, 8.0, 8.0, 8.0, 6, 
727, 8.0, 8.0, 10.0, 9.0, 8.0, 9.0, 10.0, 6, 
728, 8.0, 299.0, 8.0, 8.0, 9.0, 8.0, 8.0, 6, 
729, 299.0, 299.0, 299.0, 9.0, 9.0, 8.0, 9.0, 6, 
730, 9.0, 8.0, 8.0, 8.0, 10.0, 8.0, 10.0, 6, 
749, 8.0, 4.0, 9.0, 8.0, 9.0, 8.0, 8.0, 6, 
791, 8.0, 4.0, 9.0, 8.0, 10.0, 10.0, 8.0, 6, 
859, 8.0, 9.0, 8.0, 8.0, 8.0, 9.0, 10.0, 6, 
919, 9.0, 9.0, 10.0, 8.0, 9.0, 8.0, 8.0, 6, 
731, 299.0, 4.0, 299.0, 299.0, 299.0, 299.0, 8.0, 5, 
732, 8.0, 8.0, 299.0, 8.0, 8.0, 299.0, 8.0, 5, 
733, 299.0, 8.0, 8.0, 299.0, 8.0, 299.0, 8.0, 5, 
734, 8.0, 8.0, 9.0, 4.0, 8.0, 9.0, 8.0, 5, 
735, 9.0, 4.0, 299.0, 299.0, 299.0, 8.0, 9.0, 5, 
736, 299.0, 8.0, 8.0, 299.0, 8.0, 8.0, 9.0, 5, 
737, 8.0, 8.0, 8.0, 299.0, 8.0, 8.0, 9.0, 5, 
738, 8.0, 8.0, 8.0, 299.0, 299.0, 299.0, 9.0, 5, 
739, 299.0, 8.0, 8.0, 4.0, 8.0, 10.0, 8.0, 5, 
740, 8.0, 299.0, 299.0, 4.0, 9.0, 8.0, 10.0, 5, 
741, 10.0, 10.0, 10.0, 4.0, 8.0, 9.0, 10.0, 5, 
742, 299.0, 299.0, 299.0, 4.0, 8.0, 9.0, 9.0, 5, 
743, 10.0, 8.0, 8.0, 299.0, 299.0, 299.0, 8.0, 5, 
744, 299.0, 4.0, 10.0, 8.0, 8.0, 9.0, 8.0, 5, 
745, 9.0, 299.0, 9.0, 8.0, 9.0, 9.0, 10.0, 5, 
782, 10.0, 299.0, 299.0, 8.0, 8.0, 9.0, 9.0, 5, 
793, 10.0, 4.0, 10.0, 9.0, 10.0, 10.0, 10.0, 5, 
830, 8.0, 8.0, 9.0, 8.0, 299.0, 8.0, 8.0, 5, 
846, 8.0, 8.0, 8.0, 10.0, 299.0, 9.0, 9.0, 5, 
852, 10.0, 10.0, 8.0, 9.0, 8.0, 8.0, 8.0, 5, 
875, 9.0, 4.0, 9.0, 8.0, 9.0, 8.0, 9.0, 5, 
932, 8.0, 4.0, 9.0, 299.0, 8.0, 8.0, 8.0, 5, 
936, 9.0, 10.0, 8.0, 8.0, 8.0, 8.0, 8.0, 5, 
746, 8.0, 299.0, 299.0, 299.0, 9.0, 9.0, 8.0, 4, 
747, 10.0, 299.0, 299.0, 299.0, 9.0, 9.0, 8.0, 4, 
748, 10.0, 4.0, 10.0, 8.0, 10.0, 8.0, 10.0, 4, 
749, 8.0, 299.0, 299.0, 299.0, 8.0, 8.0, 9.0, 4, 
750, 8.0, 9.0, 10.0, 299.0, 299.0, 8.0, 8.0, 4, 
751, 299.0, 10.0, 8.0, 10.0, 8.0, 10.0, 8.0, 4, 
752, 299.0, 4.0, 8.0, 9.0, 299.0, 8.0, 9.0, 4, 
753, 8.0, 299.0, 299.0, 9.0, 8.0, 9.0, 8.0, 4, 
754, 8.0, 10.0, 8.0, 299.0, 299.0, 8.0, 8.0, 4, 
755, 8.0, 10.0, 8.0, 4.0, 8.0, 8.0, 8.0, 4, 
756, 9.0, 8.0, 8.0, 299.0, 9.0, 8.0, 9.0, 4, 
757, 8.0, 10.0, 8.0, 4.0, 8.0, 9.0, 9.0, 4, 
758, 8.0, 8.0, 299.0, 299.0, 8.0, 299.0, 8.0, 4, 
759, 8.0, 8.0, 10.0, 299.0, 299.0, 9.0, 10.0, 4, 
760, 299.0, 8.0, 9.0, 8.0, 8.0, 8.0, 10.0, 4, 
761, 299.0, 8.0, 9.0, 9.0, 9.0, 9.0, 9.0, 4, 
762, 8.0, 4.0, 9.0, 8.0, 9.0, 9.0, 8.0, 4, 
780, 8.0, 8.0, 10.0, 299.0, 9.0, 8.0, 10.0, 4, 
822, 8.0, 8.0, 8.0, 9.0, 299.0, 9.0, 8.0, 4, 
884, 9.0, 8.0, 8.0, 299.0, 9.0, 8.0, 8.0, 4, 
763, 8.0, 4.0, 8.0, 8.0, 8.0, 299.0, 8.0, 3, 
764, 299.0, 299.0, 299.0, 10.0, 8.0, 10.0, 8.0, 3, 
765, 8.0, 299.0, 8.0, 8.0, 299.0, 299.0, 8.0, 3, 
766, 10.0, 8.0, 8.0, 9.0, 8.0, 9.0, 8.0, 3, 
767, 8.0, 8.0, 299.0, 8.0, 9.0, 8.0, 8.0, 3, 
768, 299.0, 8.0, 8.0, 10.0, 8.0, 10.0, 8.0, 3, 
769, 299.0, 299.0, 8.0, 10.0, 8.0, 8.0, 8.0, 3, 
770, 8.0, 9.0, 8.0, 299.0, 8.0, 8.0, 8.0, 3, 
771, 9.0, 9.0, 8.0, 9.0, 8.0, 8.0, 9.0, 3, 
772, 299.0, 8.0, 299.0, 8.0, 299.0, 299.0, 8.0, 3, 
773, 10.0, 8.0, 8.0, 9.0, 9.0, 9.0, 10.0, 3, 
774, 299.0, 299.0, 299.0, 9.0, 8.0, 9.0, 10.0, 3, 
775, 8.0, 9.0, 8.0, 10.0, 8.0, 10.0, 10.0, 3, 
776, 10.0, 10.0, 10.0, 4.0, 8.0, 8.0, 8.0, 3, 
777, 8.0, 299.0, 299.0, 10.0, 8.0, 8.0, 8.0, 3, 
778, 8.0, 10.0, 8.0, 4.0, 8.0, 8.0, 9.0, 3, 
779, 10.0, 8.0, 10.0, 4.0, 8.0, 8.0, 8.0, 3, 
780, 299.0, 10.0, 10.0, 4.0, 9.0, 9.0, 8.0, 3, 
781, 10.0, 10.0, 10.0, 4.0, 8.0, 9.0, 9.0, 3, 
782, 299.0, 8.0, 8.0, 4.0, 8.0, 9.0, 9.0, 3, 
783, 10.0, 10.0, 10.0, 10.0, 8.0, 9.0, 9.0, 3, 
784, 8.0, 8.0, 10.0, 299.0, 299.0, 10.0, 10.0, 3, 
785, 8.0, 8.0, 9.0, 8.0, 299.0, 9.0, 8.0, 3, 
786, 299.0, 10.0, 10.0, 8.0, 8.0, 8.0, 10.0, 3, 
787, 299.0, 4.0, 8.0, 10.0, 8.0, 9.0, 8.0, 3, 
788, 8.0, 8.0, 8.0, 9.0, 8.0, 10.0, 10.0, 3, 
789, 299.0, 8.0, 10.0, 8.0, 8.0, 299.0, 8.0, 3, 
790, 10.0, 10.0, 10.0, 8.0, 9.0, 8.0, 9.0, 3, 
791, 8.0, 8.0, 9.0, 299.0, 299.0, 8.0, 10.0, 3, 
792, 8.0, 8.0, 299.0, 299.0, 299.0, 9.0, 9.0, 3, 
793, 299.0, 4.0, 299.0, 299.0, 8.0, 8.0, 8.0, 3, 
794, 8.0, 8.0, 299.0, 8.0, 8.0, 10.0, 8.0, 3, 
795, 299.0, 299.0, 299.0, 299.0, 10.0, 10.0, 10.0, 3, 
800, 8.0, 4.0, 8.0, 299.0, 299.0, 8.0, 10.0, 3, 
838, 8.0, 4.0, 10.0, 9.0, 8.0, 8.0, 10.0, 3, 
840, 8.0, 8.0, 9.0, 10.0, 8.0, 9.0, 9.0, 3, 
870, 299.0, 299.0, 9.0, 299.0, 8.0, 8.0, 9.0, 3, 
900, 8.0, 8.0, 9.0, 299.0, 299.0, 299.0, 8.0, 3, 
911, 10.0, 4.0, 8.0, 8.0, 9.0, 10.0, 10.0, 3, 
957, 10.0, 10.0, 10.0, 299.0, 10.0, 8.0, 10.0, 3, 
796, 299.0, 299.0, 8.0, 8.0, 10.0, 8.0, 8.0, 2, 
797, 299.0, 299.0, 299.0, 8.0, 299.0, 8.0, 8.0, 2, 
798, 9.0, 8.0, 8.0, 299.0, 8.0, 299.0, 8.0, 2, 
799, 10.0, 10.0, 8.0, 8.0, 8.0, 8.0, 10.0, 2, 
800, 10.0, 299.0, 299.0, 10.0, 8.0, 8.0, 8.0, 2, 
801, 299.0, 299.0, 299.0, 9.0, 8.0, 299.0, 8.0, 2, 
802, 299.0, 8.0, 10.0, 10.0, 9.0, 8.0, 8.0, 2, 
803, 10.0, 8.0, 299.0, 299.0, 9.0, 8.0, 8.0, 2, 
804, 299.0, 9.0, 9.0, 8.0, 8.0, 9.0, 8.0, 2, 
805, 299.0, 10.0, 9.0, 8.0, 8.0, 8.0, 8.0, 2, 
806, 8.0, 10.0, 8.0, 10.0, 8.0, 10.0, 8.0, 2, 
807, 8.0, 4.0, 8.0, 299.0, 299.0, 9.0, 9.0, 2, 
808, 10.0, 4.0, 10.0, 8.0, 8.0, 9.0, 8.0, 2, 
809, 299.0, 299.0, 299.0, 8.0, 9.0, 299.0, 8.0, 2, 
810, 8.0, 299.0, 8.0, 299.0, 8.0, 8.0, 9.0, 2, 
811, 8.0, 4.0, 8.0, 10.0, 8.0, 10.0, 10.0, 2, 
812, 8.0, 8.0, 299.0, 9.0, 8.0, 9.0, 8.0, 2, 
813, 10.0, 10.0, 10.0, 4.0, 8.0, 9.0, 8.0, 2, 
814, 299.0, 8.0, 299.0, 4.0, 9.0, 8.0, 9.0, 2, 
815, 8.0, 10.0, 8.0, 4.0, 9.0, 8.0, 10.0, 2, 
816, 299.0, 9.0, 299.0, 299.0, 299.0, 8.0, 8.0, 2, 
817, 10.0, 8.0, 8.0, 4.0, 9.0, 9.0, 8.0, 2, 
818, 299.0, 10.0, 8.0, 299.0, 299.0, 8.0, 8.0, 2, 
819, 299.0, 4.0, 299.0, 299.0, 299.0, 9.0, 8.0, 2, 
820, 8.0, 4.0, 8.0, 299.0, 299.0, 9.0, 8.0, 2, 
821, 299.0, 8.0, 8.0, 4.0, 8.0, 8.0, 8.0, 2, 
822, 8.0, 4.0, 8.0, 10.0, 8.0, 8.0, 10.0, 2, 
823, 299.0, 8.0, 10.0, 299.0, 299.0, 299.0, 8.0, 2, 
824, 299.0, 4.0, 8.0, 299.0, 299.0, 8.0, 10.0, 2, 
825, 9.0, 299.0, 8.0, 8.0, 8.0, 8.0, 8.0, 2, 
826, 8.0, 299.0, 299.0, 8.0, 8.0, 299.0, 8.0, 2, 
827, 8.0, 8.0, 9.0, 8.0, 299.0, 299.0, 8.0, 2, 
828, 10.0, 9.0, 8.0, 8.0, 8.0, 8.0, 9.0, 2, 
829, 8.0, 8.0, 9.0, 299.0, 299.0, 8.0, 8.0, 2, 
830, 299.0, 299.0, 299.0, 8.0, 9.0, 9.0, 8.0, 2, 
831, 8.0, 8.0, 8.0, 8.0, 299.0, 8.0, 10.0, 2, 
832, 8.0, 8.0, 8.0, 9.0, 8.0, 299.0, 8.0, 2, 
833, 8.0, 4.0, 9.0, 8.0, 8.0, 8.0, 10.0, 2, 
834, 299.0, 299.0, 8.0, 8.0, 9.0, 8.0, 10.0, 2, 
835, 299.0, 299.0, 299.0, 8.0, 299.0, 8.0, 10.0, 2, 
836, 8.0, 8.0, 9.0, 9.0, 299.0, 8.0, 8.0, 2, 
839, 9.0, 8.0, 299.0, 299.0, 8.0, 8.0, 8.0, 2, 
851, 9.0, 8.0, 299.0, 299.0, 299.0, 299.0, 8.0, 2, 
862, 9.0, 9.0, 8.0, 8.0, 10.0, 8.0, 8.0, 2, 
871, 9.0, 8.0, 9.0, 8.0, 8.0, 10.0, 9.0, 2, 
880, 8.0, 8.0, 9.0, 299.0, 299.0, 9.0, 8.0, 2, 
913, 8.0, 8.0, 9.0, 299.0, 8.0, 8.0, 8.0, 2, 
925, 8.0, 299.0, 8.0, 299.0, 8.0, 8.0, 8.0, 2, 
959, 8.0, 4.0, 10.0, 299.0, 10.0, 8.0, 10.0, 2, 
837, 299.0, 4.0, 8.0, 299.0, 8.0, 8.0, 8.0, 1, 
838, 299.0, 8.0, 8.0, 299.0, 299.0, 9.0, 9.0, 1, 
839, 8.0, 8.0, 8.0, 10.0, 8.0, 299.0, 9.0, 1, 
840, 9.0, 299.0, 8.0, 299.0, 8.0, 9.0, 8.0, 1, 
841, 299.0, 299.0, 8.0, 299.0, 8.0, 9.0, 8.0, 1, 
842, 8.0, 8.0, 299.0, 299.0, 299.0, 9.0, 8.0, 1, 
843, 299.0, 10.0, 8.0, 8.0, 8.0, 9.0, 9.0, 1, 
844, 299.0, 8.0, 9.0, 4.0, 8.0, 9.0, 8.0, 1, 
845, 299.0, 299.0, 8.0, 299.0, 8.0, 299.0, 8.0, 1, 
846, 10.0, 10.0, 299.0, 299.0, 299.0, 8.0, 10.0, 1, 
847, 10.0, 8.0, 8.0, 299.0, 9.0, 9.0, 8.0, 1, 
848, 10.0, 8.0, 10.0, 299.0, 9.0, 9.0, 8.0, 1, 
849, 299.0, 8.0, 10.0, 10.0, 8.0, 8.0, 10.0, 1, 
850, 10.0, 8.0, 10.0, 8.0, 10.0, 8.0, 9.0, 1, 
851, 8.0, 299.0, 299.0, 299.0, 9.0, 299.0, 8.0, 1, 
852, 10.0, 299.0, 8.0, 10.0, 8.0, 8.0, 8.0, 1, 
853, 10.0, 8.0, 10.0, 299.0, 8.0, 8.0, 10.0, 1, 
854, 10.0, 299.0, 299.0, 299.0, 9.0, 8.0, 8.0, 1, 
855, 9.0, 8.0, 10.0, 8.0, 8.0, 9.0, 10.0, 1, 
856, 10.0, 8.0, 299.0, 10.0, 9.0, 8.0, 8.0, 1, 
857, 299.0, 8.0, 10.0, 299.0, 9.0, 8.0, 8.0, 1, 
858, 8.0, 8.0, 8.0, 9.0, 299.0, 8.0, 9.0, 1, 
859, 8.0, 10.0, 299.0, 299.0, 8.0, 8.0, 8.0, 1, 
860, 8.0, 10.0, 299.0, 8.0, 8.0, 8.0, 8.0, 1, 
861, 299.0, 9.0, 9.0, 8.0, 10.0, 9.0, 8.0, 1, 
862, 8.0, 299.0, 299.0, 8.0, 299.0, 299.0, 8.0, 1, 
863, 299.0, 299.0, 299.0, 10.0, 8.0, 8.0, 9.0, 1, 
864, 10.0, 8.0, 299.0, 8.0, 10.0, 8.0, 8.0, 1, 
865, 10.0, 8.0, 299.0, 8.0, 8.0, 8.0, 8.0, 1, 
866, 10.0, 8.0, 299.0, 299.0, 8.0, 299.0, 8.0, 1, 
867, 9.0, 10.0, 8.0, 10.0, 8.0, 8.0, 8.0, 1, 
868, 8.0, 299.0, 299.0, 299.0, 8.0, 299.0, 8.0, 1, 
869, 10.0, 10.0, 10.0, 299.0, 299.0, 8.0, 8.0, 1, 
870, 9.0, 299.0, 8.0, 9.0, 299.0, 299.0, 9.0, 1, 
871, 10.0, 299.0, 299.0, 9.0, 8.0, 9.0, 9.0, 1, 
872, 9.0, 299.0, 8.0, 8.0, 8.0, 9.0, 9.0, 1, 
873, 8.0, 8.0, 8.0, 8.0, 299.0, 10.0, 8.0, 1, 
874, 9.0, 8.0, 8.0, 9.0, 10.0, 9.0, 8.0, 1, 
875, 9.0, 299.0, 8.0, 299.0, 299.0, 9.0, 8.0, 1, 
876, 8.0, 4.0, 8.0, 10.0, 299.0, 8.0, 8.0, 1, 
877, 9.0, 299.0, 8.0, 299.0, 9.0, 8.0, 8.0, 1, 
878, 8.0, 9.0, 8.0, 299.0, 299.0, 8.0, 9.0, 1, 
879, 8.0, 299.0, 9.0, 8.0, 299.0, 8.0, 8.0, 1, 
880, 299.0, 8.0, 8.0, 8.0, 8.0, 10.0, 10.0, 1, 
881, 8.0, 9.0, 8.0, 299.0, 9.0, 8.0, 8.0, 1, 
882, 299.0, 8.0, 8.0, 8.0, 299.0, 299.0, 10.0, 1, 
883, 8.0, 10.0, 8.0, 4.0, 8.0, 10.0, 8.0, 1, 
884, 8.0, 10.0, 8.0, 8.0, 9.0, 299.0, 8.0, 1, 
885, 8.0, 10.0, 8.0, 8.0, 9.0, 9.0, 8.0, 1, 
886, 8.0, 8.0, 8.0, 4.0, 8.0, 10.0, 8.0, 1, 
887, 299.0, 10.0, 10.0, 10.0, 8.0, 9.0, 10.0, 1, 
888, 8.0, 8.0, 9.0, 9.0, 8.0, 299.0, 8.0, 1, 
889, 10.0, 10.0, 8.0, 4.0, 9.0, 8.0, 10.0, 1, 
890, 8.0, 299.0, 8.0, 4.0, 8.0, 8.0, 9.0, 1, 
891, 9.0, 8.0, 8.0, 8.0, 299.0, 9.0, 8.0, 1, 
892, 299.0, 8.0, 8.0, 4.0, 9.0, 9.0, 10.0, 1, 
893, 8.0, 8.0, 8.0, 4.0, 9.0, 8.0, 10.0, 1, 
894, 8.0, 8.0, 8.0, 4.0, 9.0, 9.0, 8.0, 1, 
895, 8.0, 8.0, 10.0, 4.0, 8.0, 8.0, 8.0, 1, 
896, 8.0, 8.0, 299.0, 4.0, 8.0, 8.0, 8.0, 1, 
897, 299.0, 10.0, 10.0, 10.0, 8.0, 9.0, 9.0, 1, 
898, 299.0, 10.0, 8.0, 4.0, 8.0, 9.0, 9.0, 1, 
899, 299.0, 4.0, 10.0, 8.0, 8.0, 8.0, 8.0, 1, 
900, 8.0, 8.0, 299.0, 299.0, 299.0, 9.0, 10.0, 1, 
901, 8.0, 8.0, 299.0, 8.0, 8.0, 9.0, 10.0, 1, 
902, 299.0, 4.0, 8.0, 299.0, 299.0, 9.0, 8.0, 1, 
903, 8.0, 299.0, 299.0, 8.0, 8.0, 9.0, 8.0, 1, 
904, 299.0, 8.0, 8.0, 299.0, 8.0, 299.0, 10.0, 1, 
905, 299.0, 8.0, 8.0, 8.0, 299.0, 9.0, 10.0, 1, 
906, 299.0, 8.0, 299.0, 299.0, 8.0, 299.0, 8.0, 1, 
907, 299.0, 8.0, 10.0, 299.0, 299.0, 10.0, 10.0, 1, 
908, 299.0, 8.0, 10.0, 299.0, 299.0, 8.0, 8.0, 1, 
909, 8.0, 4.0, 299.0, 299.0, 299.0, 8.0, 8.0, 1, 
910, 10.0, 8.0, 8.0, 9.0, 8.0, 9.0, 10.0, 1, 
911, 9.0, 8.0, 299.0, 8.0, 8.0, 8.0, 8.0, 1, 
912, 299.0, 299.0, 8.0, 8.0, 299.0, 299.0, 8.0, 1, 
913, 8.0, 8.0, 10.0, 8.0, 299.0, 8.0, 10.0, 1, 
914, 9.0, 299.0, 299.0, 299.0, 299.0, 8.0, 10.0, 1, 
915, 9.0, 8.0, 8.0, 299.0, 299.0, 8.0, 10.0, 1, 
916, 9.0, 8.0, 8.0, 8.0, 10.0, 10.0, 10.0, 1, 
917, 9.0, 8.0, 9.0, 9.0, 9.0, 9.0, 9.0, 1, 
918, 299.0, 8.0, 299.0, 299.0, 8.0, 9.0, 8.0, 1, 
919, 8.0, 8.0, 8.0, 9.0, 9.0, 9.0, 10.0, 1, 
920, 299.0, 8.0, 9.0, 9.0, 9.0, 8.0, 10.0, 1, 
921, 299.0, 299.0, 9.0, 8.0, 9.0, 8.0, 9.0, 1, 
922, 299.0, 299.0, 299.0, 9.0, 299.0, 299.0, 9.0, 1, 
923, 299.0, 4.0, 299.0, 299.0, 8.0, 299.0, 8.0, 1, 
924, 299.0, 8.0, 8.0, 9.0, 10.0, 8.0, 8.0, 1, 
925, 8.0, 8.0, 299.0, 8.0, 299.0, 299.0, 8.0, 1, 
926, 8.0, 8.0, 8.0, 299.0, 9.0, 8.0, 9.0, 1, 
927, 9.0, 8.0, 8.0, 9.0, 8.0, 299.0, 8.0, 1, 
928, 299.0, 299.0, 9.0, 8.0, 8.0, 299.0, 8.0, 1, 
929, 10.0, 299.0, 8.0, 8.0, 8.0, 8.0, 8.0, 1, 
930, 299.0, 8.0, 9.0, 9.0, 299.0, 8.0, 8.0, 1, 
931, 299.0, 299.0, 299.0, 8.0, 8.0, 10.0, 8.0, 1, 
932, 299.0, 299.0, 8.0, 8.0, 8.0, 299.0, 10.0, 1, 
933, 299.0, 299.0, 299.0, 299.0, 10.0, 299.0, 10.0, 1, 
934, 10.0, 299.0, 299.0, 299.0, 299.0, 299.0, 8.0, 1, 
935, 9.0, 8.0, 8.0, 299.0, 8.0, 9.0, 8.0, 1, 
936, 10.0, 4.0, 8.0, 9.0, 8.0, 9.0, 9.0, 1, 
937, 9.0, 9.0, 8.0, 8.0, 8.0, 299.0, 8.0, 1, 
938, 8.0, 8.0, 8.0, 299.0, 8.0, 8.0, 10.0, 1, 
939, 10.0, 4.0, 10.0, 8.0, 8.0, 299.0, 10.0, 1, 
940, 9.0, 4.0, 8.0, 9.0, 9.0, 8.0, 9.0, 1, 
941, 10.0, 10.0, 9.0, 299.0, 8.0, 8.0, 10.0, 1, 
942, 10.0, 4.0, 10.0, 9.0, 8.0, 8.0, 10.0, 1, 
943, 8.0, 8.0, 10.0, 299.0, 8.0, 8.0, 10.0, 1, 
944, 8.0, 4.0, 8.0, 8.0, 299.0, 8.0, 10.0, 1, 
945, 9.0, 299.0, 299.0, 8.0, 9.0, 8.0, 8.0, 1, 
946, 299.0, 8.0, 299.0, 8.0, 8.0, 9.0, 8.0, 1, 
947, 9.0, 8.0, 9.0, 10.0, 9.0, 8.0, 9.0, 1, 
948, 9.0, 8.0, 9.0, 8.0, 299.0, 8.0, 9.0, 1, 
949, 9.0, 8.0, 9.0, 9.0, 299.0, 8.0, 9.0, 1, 
950, 8.0, 8.0, 8.0, 9.0, 299.0, 299.0, 8.0, 1, 
951, 299.0, 299.0, 8.0, 299.0, 299.0, 9.0, 8.0, 1, 
952, 9.0, 8.0, 9.0, 299.0, 8.0, 8.0, 9.0, 1, 
953, 299.0, 299.0, 8.0, 9.0, 299.0, 8.0, 9.0, 1, 
954, 299.0, 8.0, 8.0, 299.0, 8.0, 299.0, 9.0, 1, 
955, 9.0, 299.0, 8.0, 299.0, 8.0, 8.0, 9.0, 1, 
956, 9.0, 8.0, 10.0, 9.0, 8.0, 8.0, 9.0, 1, 
957, 9.0, 8.0, 10.0, 9.0, 8.0, 9.0, 9.0, 1, 
958, 9.0, 9.0, 10.0, 8.0, 8.0, 8.0, 9.0, 1, 
959, 8.0, 10.0, 9.0, 9.0, 10.0, 8.0, 8.0, 1, 
960, 10.0, 10.0, 10.0, 8.0, 299.0, 8.0, 8.0, 1, 
961, 10.0, 10.0, 10.0, 9.0, 8.0, 8.0, 10.0, 1, 
962, 10.0, 4.0, 10.0, 8.0, 8.0, 9.0, 10.0, 1, 
963, 299.0, 299.0, 9.0, 9.0, 8.0, 8.0, 8.0, 1, 
964, 8.0, 9.0, 8.0, 8.0, 299.0, 8.0, 9.0, 1, 
965, 8.0, 9.0, 8.0, 8.0, 299.0, 8.0, 8.0, 1, 
966, 8.0, 8.0, 299.0, 8.0, 8.0, 9.0, 8.0, 1, 
967, 8.0, 8.0, 299.0, 8.0, 299.0, 8.0, 8.0, 1, 
968, 8.0, 4.0, 8.0, 8.0, 10.0, 8.0, 8.0, 1, 
969, 299.0, 8.0, 299.0, 8.0, 8.0, 299.0, 8.0, 1, 
970, 299.0, 299.0, 8.0, 299.0, 8.0, 8.0, 9.0, 1, 
971, 8.0, 8.0, 299.0, 299.0, 9.0, 9.0, 8.0, 1, 
972, 8.0, 299.0, 8.0, 9.0, 8.0, 9.0, 8.0, 1, 
973, 8.0, 299.0, 299.0, 299.0, 8.0, 9.0, 8.0, 1, 
974, 299.0, 299.0, 8.0, 299.0, 9.0, 8.0, 8.0, 1, 
975, 8.0, 8.0, 299.0, 299.0, 299.0, 299.0, 8.0, 1, 
976, 299.0, 299.0, 10.0, 299.0, 10.0, 8.0, 10.0, 1, 
977, 10.0, 4.0, 10.0, 299.0, 10.0, 8.0, 10.0, 1, 
